1,174,171,98.0,صالح هاشم صالح الطائع,2987,2987,نورالدين خالد ادم عبدالحميد,1868,1868,الصالحين عبدالنبي محمد سعد,1577,1577,مفتاح عطية محمد الشاعري,1386,1386,رحيل جمعة رحيل حمد,1056,1056,عزت عباس صالح ادم,948,948,ارجاعي امرايف يونس سعيد,875,875,علي عبدالقادر منفور علي,865,865,عبدالفتاح بالعيد هودج حفالش,862,862,مجدي يونس بكار حسين,856,856,محمود علي المبروك صالح,843,843,مؤمن الامين مسعود ضيف الله,804,804,صافي محمد ابراهيم مفتاح,750,750,فرج المهدي علي ادهيم,692,692,زيدان يوسف سالم شعيب,688,688,امساعد محمد عبدالرازق هارون,588,588,صالح عبدالله ميمون عبدالجليل,588,588,سالم ميكائيل حسين فايز,584,584,حسين محمد عبيدة الحبوني,556,556,مجيد ادريس محمد البساط,527,527,عبدالباسط ابراهيم عبدالغني محمد,502,502,خليفة مفتاح عمر محمد,494,494,فيصل رزق عبدالسلام بوالرايقة,468,468,علي حسين حلمي علي,448,448,عبدالهادي اسماعيل عبدالرحمن محمد,443,443,حسين الشارف عبدالله محمد,431,431,ماهر سالم مؤمن الشاعري,376,376,محمد فضل الله فرج عثمان,248,248,علي سليمان صالح لامين,239,239,طارق المبروك الشريف العوامي,218,218,محي الدين محمد عبدالله الاخواني,216,216,هيوب عبدالستار هيوب عمر,206,206,مفتاح عمر حمد محمد,158,158,فرج يونس سليمان عبدالكريم,139,139,ادريس سعد عبدالعزيز احميدة,130,130,عبدالرازق حسن سعد زيدان,128,128,فرج عبدالله القذافي طاهر,117,117,نصر ابراهيم عبدالحفيظ بونعامة,83,83,بشير مفتاح محمد مفتاح,61,61,ابريك حماد علي ادهيم,51,51,محمد صالح محمود المسماري,24,24,عبدالسلام فتح الله محمد عليوة,8,8,احمد يوسف شعيب مصباح,7,7,ايمن عطية محمود الطائع,5,5,احمد جاد المولى ازقيم جادالله,2,2,,,,,,,,,,,,,,,,,,,,,,,,,,,,,,,,,,,,,,,,,,,,,,,,,,,,,,,,,,,,,,,,,,,,,,,,,,,,,,,,,,,,,,,,,,,,,,,,,,,,,,,,,,,,,,,,,,,,,,,,,,,,,,,,,,,,,,,,,,,,,,,,,,,,,,,,,,,,,,,,,,,,,,,,,,,,,,,,,,,,,,,,,,,,,,,,,,,,,,,,,,,,
2,81,79,97.0,عقيلة صالح عيسى اقويدر,866,866,طلال عبدالله موسى الميهوب,610,610,السنوسي سعيد عبدالمجيد بالقاسم,568,568,محمد فضل صالح ابراهيم,484,484,نزار امراجع فرج سالم,440,440,عمران حمد عبدالغني الكلوش,390,390,فتح الله محمد قرامي قرامي,364,364,فرج فيد الله المبروك الغيثي,345,345,عوض سليمان عوض الشوبكي,339,339,عبدالحميد سعيد عبدالكريم اشنيف,320,320,المبري نوري سعيد خليل,293,293,عبدالقادر صالح عبد ربه امنيسي,255,255,عبدالمنعم عمر يونس حمد,223,223,ناصر محمد عبدالله جبريل,160,160,عبدالله صالح السنوسي الكاسح,158,158,حمد سعد محمد ياسين,155,155,عبدالباسط سعيد سالم وافي,140,140,فتحي محمد ابومليحه محمد,122,122,توفيق عبدالسلام عبدالرواف المالح,99,99,خالد شعيب ارحيم العبيدي,99,99,رواش حمد عبد الرازق محمود,88,88,حماد سعد محمد اخويزيق,78,78,ابوبكر مفتاح عبدالرازق المنصوري,74,74,هاني عبدالمالك محمد مسعود,59,59,ابريك عبدالجواد محمد حسين,58,58,منصور ابراهيم سالم المشاي,50,50,محمد جبريل علي ابراهيم,32,32,عبد العزيز اشريح محمد علي,32,32,عماد ادم سالم ادم,27,27,سالم عثمان سالم ادم,21,21,عطية عبدالرحمن عبدالرازق عبد ربه,7,7,,,,,,,,,,,,,,,,,,,,,,,,,,,,,,,,,,,,,,,,,,,,,,,,,,,,,,,,,,,,,,,,,,,,,,,,,,,,,,,,,,,,,,,,,,,,,,,,,,,,,,,,,,,,,,,,,,,,,,,,,,,,,,,,,,,,,,,,,,,,,,,,,,,,,,,,,,,,,,,,,,,,,,,,,,,,,,,,,,,,,,,,,,,,,,,,,,,,,,,,,,,,,,,,,,,,,,,,,,,,,,,,,,,,,,,,,,,,,,,,,,,,,,
3,87,47,54.0,فرج الصفتي محمد عبدالسلام,968,968,حمد محمود حمد المزيني,898,898,علي صالح عبدالكريم الرفادي,528,528,خيرالله يونس عبد ربه التركاوي,501,501,ادريس عبدالقادر عبدالله عبدالخالق,451,451,هشام محمد السرواحي الامين,335,335,سعد بشير مفتاح الرفادي,312,312,عبدالحكيم فيصل محمد الغيثي,234,234,عمرو عبدالغني عبدالرحيم عزوز,21,21,,,,,,,,,,,,,,,,,,,,,,,,,,,,,,,,,,,,,,,,,,,,,,,,,,,,,,,,,,,,,,,,,,,,,,,,,,,,,,,,,,,,,,,,,,,,,,,,,,,,,,,,,,,,,,,,,,,,,,,,,,,,,,,,,,,,,,,,,,,,,,,,,,,,,,,,,,,,,,,,,,,,,,,,,,,,,,,,,,,,,,,,,,,,,,,,,,,,,,,,,,,,,,,,,,,,,,,,,,,,,,,,,,,,,,,,,,,,,,,,,,,,,,,,,,,,,,,,,,,,,,,,,,,,,,,,,,,,,,,,,,,,,,,,,,,,,,,,,,,,,,,,,,,,,,,,
4,61,58,95.0,نصرالدين مهنى غباشي مفتاح,563,563,المنتصر سعد عطية علي,559,559,سعد فرج سعد علي الدويلي,508,508,خليل مفتاح عبدالله خليل,451,451,مفتاح سليمان عطاياالله خليل الحاسي,428,428,فتحي عيسى فرج عبدالكريم,302,302,حسن عبدالرحيم علي موسى,294,294,عادل عبدالعزيز محمود سعيد بوعلجية,260,260,الناجي سعد عبدالله المرتضي,240,240,ابراهيم عبدالكريم ادم عبدو,211,211,عبدالله حسين المرتضي بوبكر,204,204,فوزي عبدالسلام محمد حسن,178,178,عبدالناصر حسين عبدالرازق المجدوب,164,164,سليمان طاهر عبداللطيف محمد عرعاز,162,162,صقر محمد موسى الفيتوري,142,142,عبدالسلام جبريل محمد عبدالجليل,105,105,مفتاح بوبكر ارحومة حسين,60,60,الفيتوري عمر الفيتوري عبدالرحمن,55,55,منصف خليفة محمد امبهدل الميار,52,52,محمد عثمان عطش المبروك,40,40,فكري سليم احمد حسن الخرش,29,29,نافع حمد محمد جمعة,26,26,,,,,,,,,,,,,,,,,,,,,,,,,,,,,,,,,,,,,,,,,,,,,,,,,,,,,,,,,,,,,,,,,,,,,,,,,,,,,,,,,,,,,,,,,,,,,,,,,,,,,,,,,,,,,,,,,,,,,,,,,,,,,,,,,,,,,,,,,,,,,,,,,,,,,,,,,,,,,,,,,,,,,,,,,,,,,,,,,,,,,,,,,,,,,,,,,,,,,,,,,,,,,,,,,,,,,,,,,,,,,,,,,,,,,,,,,,,,,,,,,,,,,,,,,,,,,,,,,,,,,,,,,,,,,,,,,
5,136,130,95.0,ادم صالح ادم بوصخرة,1199,1199,ادريس عمران عبدالهادي ادم,1166,1166,عبدالمطلب ادريس ثابت حمد,954,954,موسى صالح ابراهيم الفرجاني,929,929,عيسى عبدالله يونس محمد الصغير,793,793,اشرف السعداوي بالحمد السعداوي,771,771,عبدالمولى محمد عبدالدائم صالح بوزهرة,724,724,سالم صالح عبدالرازق محمد الكواش,578,578,مفتاح طاهر ابراهيم بوبكر,551,551,صلاح الماوي حمد حسين,494,494,عطية مفتاح حمد خنيفر,439,439,عبدالحفيظ محمد عوض ابراهيم,437,437,صالح محمد حسين بوعصرانة,390,390,علاء الدين رافع عبدالواحد حسين بوصفيطة,374,374,مختار محمد يوسف المختار ليسير,358,358,عبدالسلام التواتي حسن السنوسي,355,355,عبدالمولى مسعود يوسف جودة,337,337,احمد فضيل سعد محمد بالتبن,291,291,محسن محمد سليمان عمر العلواني,274,274,ازقيبة مفتاح ازقيبة بوقفة,260,260,محمد عبدالله الطيف عبدالله بوعرقوب,235,235,يوسف عمر قويطين طاهر,228,228,عبدالله ادريس حمد محمد الخطابية,223,223,حمد عبدالسميع القاسي بالقاسم الخزعلي,205,205,محمد عطايا محمد المبروك,182,182,فيصل علي سعيد الغويل,176,176,مجدي فرج محمد عقيلة بونعيجة,172,172,سليمان مصطفى ابراهيم المصري,160,160,موسى علي محمد مجحود القرم,154,154,عادل سعيد حمد سعيد بوعجاج,140,140,عبدالرحمن علي محمد عبدالرحمن,139,139,مصطفى عطية سعد عبدالحفيظ الزايدي,137,137,محمد عبدالمجيد المبروك عبدالمجيد,125,125,عبدالباسط علي عيسى سعد الخرم,105,105,محمد سعيد علي علي الجويفي,95,95,محمد عبدالكريم يحيى الساكر,92,92,احمد مؤمن سليمان شعيب,90,90,بالقاسم علي محمد عيسى بوحويصة,79,79,باسم عثمان محمد انويقص,55,55,ادريس احمد محمود فضيل الزائدي,43,43,المبروك خليفة علي خليفة بوعباه,41,41,يونس بونعامة محمد المرتجع,37,37,توفيق عبدالسلام عيسى عمر جلغاف,36,36,عبدالمالك محمد علي محمد بوعلي,35,35,عبدالناصر فتحي محمود يوسف,28,28,عاطف الناجي خالد حمد,26,26,,,,,,,,,,,,,,,,,,,,,,,,,,,,,,,,,,,,,,,,,,,,,,,,,,,,,,,,,,,,,,,,,,,,,,,,,,,,,,,,,,,,,,,,,,,,,,,,,,,,,,,,,,,,,,,,,,,,,,,,,,,,,,,,,,,,,,,,,,,,,,,,,,,,,,,,,,,,,,,,,,,,,,,,,,,,,,,,,,,,,,,,,,,,,,,,,,,,,,,,,
6,115,112,97.0,سليمان خطاب اسويكر عوض,1079,1079,عبدالمنعم جمعة سالم حسن,958,958,فرج عبدالله ادريس هاشم,947,947,حسين علي اسماعيل عبدالله,815,815,سعيد صالح سعد رحيل,656,656,خميس ابراهيم محمود محمد الهنكور,582,582,احمد خليفة محمد ادم بوهلالة,579,579,خالد ابراهيم سعد طيب,556,556,مخلص ادريس نوح عبدالله المسماري,415,415,عبدالكريم محمد منصور بوجدارية,373,373,عبدالرحمن محمد عبدالمولى الميهوب,340,340,حسن احمد صالح عيسى,318,318,صلاح عبدالله علي ابراهيم العسبلي,276,276,مراجع سعد محمد محمود,244,244,علي فتح الله محمد علي الشيخي,207,207,وائل عبدالوهاب صالح الهذمال,190,190,علي غنيوة مفتاح عون الرمحي,172,172,محمد نوري ابوبكر المداعي,166,166,محمد عطية علي عبدالله,165,165,معين محمد المبروك اقويدر,163,163,مصطفى امريمي مصطفى سعيد,154,154,بالعيد عبدالنبي حسن موسى,154,154,فضيل عبدالحميد عبدالجواد سعد,146,146,سالم مفتاح جبريل الغفير,144,144,بدر عبدالسلام طاهر محمد قندولة,131,131,مصطفى عبدالله محمد عطية,97,97,نادر نوري سعيد مفتاح الحضيري,66,66,عمر عبدالله يونس عبدالكريم,66,66,عمر حماد صالح مدينه,64,64,عبدالله موسى سليمان عبدربه شحوط,39,39,علي عبدالسلام علي سليمان,13,13,فضل الله  بوبكر  المبروك  ادم,6,6,بالقاسم محمد بوبكر علي الجارد,4,4,,,,,,,,,,,,,,,,,,,,,,,,,,,,,,,,,,,,,,,,,,,,,,,,,,,,,,,,,,,,,,,,,,,,,,,,,,,,,,,,,,,,,,,,,,,,,,,,,,,,,,,,,,,,,,,,,,,,,,,,,,,,,,,,,,,,,,,,,,,,,,,,,,,,,,,,,,,,,,,,,,,,,,,,,,,,,,,,,,,,,,,,,,,,,,,,,,,,,,,,,,,,,,,,,,,,,,,,,,,,,,,,,,,,,,,,,,,,,,,,
7,72,69,95.0,خليفة صالح سعيد محمد الدغاري,1125,1125,مبارك علي محمد عبدالقادر,776,776,عبدالفتاح اخليفة ادم علي,760,760,عمر سالم ادريس ابوبكر بوخويدم,600,600,خالد فرج حمد عبدالجواد بوعوينة,595,595,عبدالحميد يونس عبدالكريم سالم,408,408,اسماعيل رجب الصالحين حقار,383,383,توفيق سعيد مفتاح مشاضي,370,370,مجدي سليمان حسين محمد,363,363,جمعة عبدالله حسن علي,359,359,صلاح محمد حمد صالح,329,329,عبدالحفيظ محمد عبدالجواد مصطفى الدرسي,323,323,المبروك بدر حامد ارجيعة,192,192,احميدة محمد حمد عطية الله,181,181,عبدالسلام صالح يحيى حمد,137,137,علي عبدالغني عبدالسلام اخفير,117,117,موسى محمد موسى حسين بوالشامخة,90,90,حمد مسعود ذاوود بالحمد,42,42,صالح سعد يونس محمود,9,9,عبدالمطلوب حسين محمد عمران بوعلية,6,6,,,,,,,,,,,,,,,,,,,,,,,,,,,,,,,,,,,,,,,,,,,,,,,,,,,,,,,,,,,,,,,,,,,,,,,,,,,,,,,,,,,,,,,,,,,,,,,,,,,,,,,,,,,,,,,,,,,,,,,,,,,,,,,,,,,,,,,,,,,,,,,,,,,,,,,,,,,,,,,,,,,,,,,,,,,,,,,,,,,,,,,,,,,,,,,,,,,,,,,,,,,,,,,,,,,,,,,,,,,,,,,,,,,,,,,,,,,,,,,,,,,,,,,,,,,,,,,,,,,,,,,,,,,,,,,,,,,,,,,
8,444,423,95.0,يونس عمر منصور فنوش,4615,4615,ابراهيم فتحي ابراهيم عميش,4363,4363,علي رمضان خليل ابوزعكوك,3724,3724,ابوبكر مصطفى علي بعيرة,2724,2724,طارق صقر ادم الجروشي,2709,2709,عادل فرج ابراهيم الطيرة,1983,1983,زياد صالح سالم دغيم,1912,1912,مفتاح مراجع محمد اكويدير,1726,1726,احمد شيهوب ابراهيم الواحدي,1415,1415,عيسى محمد السنوسي العريبي,1363,1363,جلال صالح عبدالسلام الشويهدي,1255,1255,رمضان محمد محمد شمبش,1172,1172,سعد محمد صالح الجازوي,1027,1027,ابراهيم ابوبكر عبدالرحمن الدرسى,1024,1024,عصام عبدالله محمد الجهانى,1016,1016,مصطفى محمد عبدالله الرقيق,923,923,طارق نوري محمد ماضي,914,914,رشيد مصطفى محمد بسيكري,872,872,ادريس محمد رمضان القاضى,857,857,ونيس الشارف العبانى الورفلى,856,856,ناصر صالح طاهر معيوف,751,751,عبدالناصر عبدالحميد حسين نجم,710,710,اشرف عبدالله حسين الساعدي,690,690,بدر علي سليمان موسى,688,688,راضى ابراهيم غيث قنديل,686,686,نجيب احمد منصور اطلوبه,674,674,ابراهيم جمعة صالح العوامي,670,670,عبدالقادر مرعي رجب القنين,641,641,احمد جمعة احمد الاوجلي,622,622,فتح الله بالقاسم حمد العرفي,619,619,فضل الله هارون موسى جبريل,598,598,الصديق سلامة عبدالرحيم الصديق,559,559,محمد عبدالله علي المغيربى,522,522,فرج عمران سالم فرج العمامي,520,520,يحي عطية يونس الصبيحي,483,483,هشام عبدالله مفتاح الورفلي,473,473,عمر احمد عمر العبار,462,462,محمد سليمان محمد الحداد,456,456,رافع عبدالله محمد الفضيل الديفار,453,453,جبريل خير سعيد التارقي,441,441,منعم محمد حسين القماطى,438,438,فرج مفتاح سالم الورفلي,436,436,خليفة يوسف محمد زيو,410,410,احمد الفيتوري امحمد الزائدي,394,394,حسن ابراهيم صالح الشريف,378,378,عادل احمد محمد الفرجاني,356,356,خالد عبدالله خالد عبدالرحمن,351,351,عبدالناصر عبدالعالي عبدالسلام شماطة,347,347,عبدالله عبدالقادر حسن عبدربه العبيدى,343,343,فوزي عبدالحميد احمد الهدار,336,336,خليل ادريس علي المبروك,327,327,صلاح مصطفى محمود بادي,326,326,يونس عمر عطية بن عامر,315,315,طارق السنوسي بوسيف العبيدي,304,304,مفتاح عوض عبدالرحمن الغناي,295,295,ابراهيم احمد امحمد المهدوي,292,292,فتح الله محمد طاهر الدرسى,292,292,محمد مفتاح محمد الساحلي,280,280,ابوبكر محمد ابوبكر علي,278,278,عبدالحميد احمد بوبكر الصديق السوسي,260,260,موسى ذاوود سعيد عبدالرحمن,258,258,محمد مسعود مفتاح مخلوف,253,253,وليد عبدالحميد محمد ماضي,250,250,عمر عبدالعاطي محمد الشبلي,248,248,سليمان محمود سليمان البرعصي,245,245,خالد محمد عمر حمد,242,242,عيسى حسين عيسى الفلاح,235,235,جمعة علي محمد يونس,232,232,فرج حسين فرج العمامي,231,231,محمد سليمان بشير الورفلي,230,230,احمد علي خميس سعيد,219,219,طاهر محمود محمد الفضلى,218,218,موفق محمد سليمان الزوي,218,218,علي ابوعجيلة علي ابوبكر العرفي,215,215,احمد الكيلاني مصباح الفرجاني,212,212,عبدالله حمد عمر الطابوني,209,209,محمود عمر احمد المسماري,205,205,فرحات المبروك محمد الدينالي,204,204,جمال عبدالقادر علي بودجاجة,197,197,علي محمد علي باقو,188,188,عبدالقادر سعيد عبدالقادر الذباح,178,178,عبدالناصر محمد سليمان بومطاري,174,174,عبدالرحيم زنقي بوسيف الجنجان,173,173,يوسف ابراهيم صالح الشريف,169,169,انويجي جمعة انويجي ابوبكر,166,166,سامي عاشور محمد الشريف,155,155,احمد هارون مقاوي العبيدي,153,153,زايد محمود بوبكر العوج,149,149,محمد بوبكر علي الشبلي,146,146,محمد حمد امحمد بن حسونة,143,143,سالم عبدالقادر محمد شقلوف,137,137,عبدالخالق الفضيل سليمان كريم,125,125,ياسين المرخى جادالله الشلوى,118,118,محمد عبدالله محمد بوسدرة,117,117,محمد سالم محمد بوشعالة,117,117,بريك عوض محمد درباش,113,113,علي مخلوف عقيلة مفتاح,108,108,يوسف عبدالسلام محمد بعيو,108,108,فتح الله عقيلة بوبكر المنفي,98,98,نوري عطية محمد بن خيال,98,98,مصطفى علي محمد الهشم,94,94,فوزي ميلاد خليفة العماري,72,72,علي ادريس حمد رابح,64,64,عزالدين محمد حمد عطية الله,62,62,احمد سالم علي السائح,53,53,رمزي الهادي علي الجدي,52,52,فتحي خليفة حمد جلهوم,39,39,عبدو جمعة عبدالقادر الصاوى بالروين,37,37,ايمن حسن محمد احميدة,33,33,فرج محمد محمد الجليطي,32,32,طارق محمود حبيب المسماري,31,31,محمد فرج محمد بشير,20,20,سامي محمد سليمان يونس,10,10
9,47,44,93.0,سعيد خالد عمر اسباقه,419,419,سعد عبدالله ادريس الدينالي,409,409,مفتاح موسى سعد حامد,395,395,بالقاسم احمد مفتاح امراجع,393,393,يوسف ابراهيم محمد حمد,334,334,صالح محمود صالح العبدلى,333,333,محمد عبدالرازق ادريس مفتاح,274,274,اسامة عبدالله محمد ابوبكر,263,263,عبدالله مصطفى عبدالله بوكشارية,186,186,جمال عبدالله عطية عمر,186,186,ابراهيم موسى صالح العبدلي,160,160,حسين محمود خليفة المنفور,152,152,محمد حسين عبدالحميد احسين,90,90,سعد محمد منصور عبدالباري,56,56,فرج رشيد صالح العبدلي,56,56,بالقاسم محمد عبدالجليل ادريس,39,39,,,,,,,,,,,,,,,,,,,,,,,,,,,,,,,,,,,,,,,,,,,,,,,,,,,,,,,,,,,,,,,,,,,,,,,,,,,,,,,,,,,,,,,,,,,,,,,,,,,,,,,,,,,,,,,,,,,,,,,,,,,,,,,,,,,,,,,,,,,,,,,,,,,,,,,,,,,,,,,,,,,,,,,,,,,,,,,,,,,,,,,,,,,,,,,,,,,,,,,,,,,,,,,,,,,,,,,,,,,,,,,,,,,,,,,,,,,,,,,,,,,,,,,,,,,,,,,,,,,,,,,,,,,,,,,,,,,,,,,,,,,,,,,,,,,
10,66,64,96.0,علي فرج ابراهيم خالد,1308,1308,سعد عبدالقادر عبدالقادر البدري,1213,1213,اسامة محمد عبدالحميد العمروني,881,881,رواد طاهر محمد الصابر,720,720,فرج سليمان عبدالرحيم التاجورى,625,625,هارون محمد عبدالونيس محمد,452,452,عمر صالح محمد صالح,338,338,عوض حسين محمود الفسي,307,307,خالد المهدي يونس يوسف,163,163,محمد عوض هيبة عوض,136,136,عصام محمد ارجيعة مفتاح,120,120,بوبكر مفتاح امنيسي المبروك,90,90,ابراهيم صالح محمد التاعب,89,89,عبدالقادر ادريس الجبالى محمد,29,29,,,,,,,,,,,,,,,,,,,,,,,,,,,,,,,,,,,,,,,,,,,,,,,,,,,,,,,,,,,,,,,,,,,,,,,,,,,,,,,,,,,,,,,,,,,,,,,,,,,,,,,,,,,,,,,,,,,,,,,,,,,,,,,,,,,,,,,,,,,,,,,,,,,,,,,,,,,,,,,,,,,,,,,,,,,,,,,,,,,,,,,,,,,,,,,,,,,,,,,,,,,,,,,,,,,,,,,,,,,,,,,,,,,,,,,,,,,,,,,,,,,,,,,,,,,,,,,,,,,,,,,,,,,,,,,,,,,,,,,,,,,,,,,,,,,,,,,,,
11,47,43,91.0,ابراهيم عبدالله عبدالسلام الزغيد,572,572,صالح سالم رحيل محمد,416,416,حميد محمد اسعيد عبدالجليل,385,385,حسين محمد عثمان ابوغزيل,314,314,مرعي علي سالم عبدالسلام,308,308,ابراهيم ابريك غيث ابريك,181,181,عادل خليفة عمر الهادي,110,110,علي عبدالسلام محمد عبدالسلام,78,78,حكيم عبدالقادر محمد الحسين,64,64,عبدالحفيظ محمد ميلاد محمد,48,48,فتحي صالح عبدالسلام اسويسي,40,40,,,,,,,,,,,,,,,,,,,,,,,,,,,,,,,,,,,,,,,,,,,,,,,,,,,,,,,,,,,,,,,,,,,,,,,,,,,,,,,,,,,,,,,,,,,,,,,,,,,,,,,,,,,,,,,,,,,,,,,,,,,,,,,,,,,,,,,,,,,,,,,,,,,,,,,,,,,,,,,,,,,,,,,,,,,,,,,,,,,,,,,,,,,,,,,,,,,,,,,,,,,,,,,,,,,,,,,,,,,,,,,,,,,,,,,,,,,,,,,,,,,,,,,,,,,,,,,,,,,,,,,,,,,,,,,,,,,,,,,,,,,,,,,,,,,,,,,,,,,,,,,,,,
12,47,44,93.0,يوسف محمد كمود الفاخري,539,539,راف الله سليمان ادم العوامي,460,460,فتحي عمر علي الفاخري,423,423,ابراهيم بشير مسعود الضبيطة,281,281,لامين فضيل حسين علي,274,274,عطية علي محمد الرقاص,261,261,فرج ميلاد سليمان احمودة,240,240,فيصل احمد الشريف الحرش,234,234,سعد بشير دينار الفاخري,145,145,يونس احمد عقيلة عبدالقادر,12,12,يونس عبدالله يونس محمد,7,7,بشير عبدالحميد مصطفى ابراهيم,6,6,ذاوود حمد ذاوود الدوح,4,4,,,,,,,,,,,,,,,,,,,,,,,,,,,,,,,,,,,,,,,,,,,,,,,,,,,,,,,,,,,,,,,,,,,,,,,,,,,,,,,,,,,,,,,,,,,,,,,,,,,,,,,,,,,,,,,,,,,,,,,,,,,,,,,,,,,,,,,,,,,,,,,,,,,,,,,,,,,,,,,,,,,,,,,,,,,,,,,,,,,,,,,,,,,,,,,,,,,,,,,,,,,,,,,,,,,,,,,,,,,,,,,,,,,,,,,,,,,,,,,,,,,,,,,,,,,,,,,,,,,,,,,,,,,,,,,,,,,,,,,,,,,,,,,,,,,,,,,,,,,,
13,119,117,98.0,فتح الله حسين عبدالكريم محمد,842,842,مصطفى احمد عبدالعالي محمد,778,778,محمد سعد حماد صالح,777,777,عمر السنوسى عمر ابسيط,651,651,خالد عبدالقادر سعيد اشلبى,627,627,فتحي سعد محمد حنطيش,571,571,فرج محمد عمر ابوبكر,413,413,سالم رحيل سليمان عيسى,372,372,محمد سليمان مسعود سعيد,354,354,جبريل حسن جبريل حسن,343,343,صالح امحمد مقيل علي,320,320,فرحات عبدالمجيد موسى محمد,310,310,منصور علي حمد الشريف,300,300,عيسى محمد عمر رشوان,252,252,محمد سعد علي صالح,243,243,محمد عبدالكريم المبروك ابراهيم,243,243,محمد خيرالله عبدالله الزربى,228,228,محمد عبدالسلام مصطفى موسى,225,225,نصر احمد محمود غربى,217,217,عبدالغني عبدالعزيز فرج القاسى,206,206,محمد عطية يونس امبارك,200,200,سليمان احمد محمد البرانى,193,193,عبدالمولى محبوب مرزوق ابراهيم,192,192,عثمان رمضان محمد اللافى,190,190,الصالحين ابراهيم سعد بوسهل,188,188,مفتاح علي حميد سعيد,185,185,فرج فضيل سوتية الشافعى,176,176,احمد محمد مهدي ارويعى,172,172,حمد عبدالنبى محمد معتوق,170,170,ناصر محمود مطرود ختال,143,143,خميس عوض الزوام حسن,136,136,عبدالسلام محمد محمد بدر,134,134,عبدالله احمد اللافى مفتاح,134,134,اللافى حسن يونس حسن,130,130,صالح ادريس بالقاسم عبدالقادر,129,129,علي ادريس محمد عيسى,126,126,احمد جاد الله بوبكر علي,125,125,محمد عبدالله حمد صالح,123,123,اسماعيل احميده عبدالكريم حسون,120,120,محمد الصادق هلال حسين بوهدمه,119,119,مفتاح عبدالله عبدالخالق سليمان,116,116,عقوب امراجع صالح عيسى,107,107,عبدالنبي عطية صالح عبدالسلام,106,106,عبدالباسط صالح حمد ضو بن نجاح,104,104,سالم موسى الزوام بو عائشة,103,103,فرج سالم داوود صالح,101,101,سعد مصطفى الزوام محمد,91,91,محمد صالح محمد منصور,73,73,حسن حمد عمر عبدالرحيم,68,68,المبروك ابوسيف امراجع مصطفى,66,66,محمد بومليحة محمد ادم,45,45,عبدالله موسى سعيد اعبيد,40,40,بوحلفاية الدليمى بوحلفاية الدليمى,35,35,بالقاسم عمر عيسى الشريف,33,33,محمد رجب عمر صالح,22,22,صالح حسن المهدى لبشاري,12,12,جبريل عبدالرحيم حمد بوشنة,6,6,محمد مفتاح منصور علي,4,4,محمد سلطان محمد سلطان,3,3,مفتاح محمد عثمان موسى,2,2,,,,,,,,,,,,,,,,,,,,,,,,,,,,,,,,,,,,,,,,,,,,,,,,,,,,,,,,,,,,,,,,,,,,,,,,,,,,,,,,,,,,,,,,,,,,,,,,,,,,,,,,,,,,,,,,,,,,,,,,,,,,,,,,,,,,,,,,,,,,,,,,,,,,,,,,,,,,,,,
14,42,39,92.0,ادريس عبدالله ادريس فرج,422,422,ابريك حمد ابريك علي,363,363,فتحي خميس فضيل هيوب,234,234,ابوسيف صالح عبدالعالي امحمد,169,169,سالم جمعة الشريف عطية,137,137,عبدالنبي فضيل مصباح البغيض,131,131,محمد بالناصر سعيد ياسين,94,94,فرج عثمان يوسف عثمان,78,78,ادريس بالحسن بشير مصطفى,54,54,حسن مطرود الكيلانى صالح,3,3,,,,,,,,,,,,,,,,,,,,,,,,,,,,,,,,,,,,,,,,,,,,,,,,,,,,,,,,,,,,,,,,,,,,,,,,,,,,,,,,,,,,,,,,,,,,,,,,,,,,,,,,,,,,,,,,,,,,,,,,,,,,,,,,,,,,,,,,,,,,,,,,,,,,,,,,,,,,,,,,,,,,,,,,,,,,,,,,,,,,,,,,,,,,,,,,,,,,,,,,,,,,,,,,,,,,,,,,,,,,,,,,,,,,,,,,,,,,,,,,,,,,,,,,,,,,,,,,,,,,,,,,,,,,,,,,,,,,,,,,,,,,,,,,,,,,,,,,,,,,,,,,,,,,,
15,33,30,90.0,فتحي عبدالرحيم محمد القباصى,1262,1262,,,,,,,,,,,,,,,,,,,,,,,,,,,,,,,,,,,,,,,,,,,,,,,,,,,,,,,,,,,,,,,,,,,,,,,,,,,,,,,,,,,,,,,,,,,,,,,,,,,,,,,,,,,,,,,,,,,,,,,,,,,,,,,,,,,,,,,,,,,,,,,,,,,,,,,,,,,,,,,,,,,,,,,,,,,,,,,,,,,,,,,,,,,,,,,,,,,,,,,,,,,,,,,,,,,,,,,,,,,,,,,,,,,,,,,,,,,,,,,,,,,,,,,,,,,,,,,,,,,,,,,,,,,,,,,,,,,,,,,,,,,,,,,,,,,,,,,,,,,,,,,,,,,,,,,,,,,,,,,,,,,,,,,,,,,,,,,,
16,49,48,97.0,حمد محمد حمد عبدالرحمن ماقيق,764,764,عمر المبروك درمان عميش,709,709,محمد عبدالصمد علي قرباج,654,654,حسين محمد علي المصرى بوحليقة,344,344,ابراهيم عبدالهادي احمد محمد المجبرى,200,200,محمد عبدالفتاح ابراهيم الصابر,107,107,ابراهيم حسن عمر بازامة,42,42,,,,,,,,,,,,,,,,,,,,,,,,,,,,,,,,,,,,,,,,,,,,,,,,,,,,,,,,,,,,,,,,,,,,,,,,,,,,,,,,,,,,,,,,,,,,,,,,,,,,,,,,,,,,,,,,,,,,,,,,,,,,,,,,,,,,,,,,,,,,,,,,,,,,,,,,,,,,,,,,,,,,,,,,,,,,,,,,,,,,,,,,,,,,,,,,,,,,,,,,,,,,,,,,,,,,,,,,,,,,,,,,,,,,,,,,,,,,,,,,,,,,,,,,,,,,,,,,,,,,,,,,,,,,,,,,,,,,,,,,,,,,,,,,,,,,,,,,,,,,,,,,,,,,,,,,,,,,,,
17,31,30,96.0,محمد موسى عبدالحميد دومة,525,525,المبروك احمد المبروك اجويلي,330,330,جاد المولى عبدالونيس محمد مسعود,177,177,محمد مسعود عبدالرحيم عقوب,110,110,المبروك فرج المبروك عبدالله,81,81,فرحات عطية يوسف الكاديكي,35,35,صلاح سعيد عبدالله قادروحة,4,4,شاكر عبدالحميد عبدالصمد عقوب,0,0,,,,,,,,,,,,,,,,,,,,,,,,,,,,,,,,,,,,,,,,,,,,,,,,,,,,,,,,,,,,,,,,,,,,,,,,,,,,,,,,,,,,,,,,,,,,,,,,,,,,,,,,,,,,,,,,,,,,,,,,,,,,,,,,,,,,,,,,,,,,,,,,,,,,,,,,,,,,,,,,,,,,,,,,,,,,,,,,,,,,,,,,,,,,,,,,,,,,,,,,,,,,,,,,,,,,,,,,,,,,,,,,,,,,,,,,,,,,,,,,,,,,,,,,,,,,,,,,,,,,,,,,,,,,,,,,,,,,,,,,,,,,,,,,,,,,,,,,,,,,,,,,,,,,,,,,,,,
18,72,33,45.0,عبدالسلام شهى اللهي اقونية,3363,3363,عبدالكريم سليمان تكة التباوي,60,60,محمد رزي محمد مردي,8,8,علي بشير عبدالحميد بومطاري,1,1,طاهر حامد طاهر جيدالله,1,1,منير عبدالحميد حمد فكرون,0,0,سعيد مصطفى محمد امغيب,0,0,ناصر بوبكر صالح اقبيلي,0,0,فرج سالم محمد سالم,0,0,محمد عبدالرحيم محمد بوغزيل,0,0,خليل عبدالرحيم محمد الفضيل,0,0,طالب احمد طاهر جادالله,0,0,فريد محمد سليمان ادم,0,0,محمد حمد المبروك قادوم,0,0,مرعي ابوبكر محمود ارحيم,0,0,احمد محمد احمد بدر,0,0,السنوسي سالم عمر القمي,0,0,حامد بونخيلة حامد يحي,0,0,جبريل ادريس عبدالرحمن اوحيدة,0,0,محمد حامد عبدالهادي الازرق,0,0,حامد سليمان صالح الحتة,0,0,,,,,,,,,,,,,,,,,,,,,,,,,,,,,,,,,,,,,,,,,,,,,,,,,,,,,,,,,,,,,,,,,,,,,,,,,,,,,,,,,,,,,,,,,,,,,,,,,,,,,,,,,,,,,,,,,,,,,,,,,,,,,,,,,,,,,,,,,,,,,,,,,,,,,,,,,,,,,,,,,,,,,,,,,,,,,,,,,,,,,,,,,,,,,,,,,,,,,,,,,,,,,,,,,,,,,,,,,,,,,,,,,,,,,,,,,,,,,,,,,,,,,,,,,,,,,,,,,,,,,,,,,,,,,,,,,,,,
19,54,51,94.0,صالح عبدالكريم امجاهد افحيمة,514,514,عامر عمران نصر ابوبكر,482,482,محمد عبدالله محمد ابوشامخة,452,452,حسين عبدالسلام ابراهيم عبدالسلام,284,284,فضيل الصقر محمد فاضل,266,266,غيث احمد سيف النصر سيف النصر,249,249,محمد فرج محمود حسين,160,160,يوسف عمر المهدي ادياب,154,154,محمود عبدالرسول صالح النعاس,131,131,زيدان محمد مسعود ابوحواء,95,95,عبدالرحمن السنوسي بشير مسعود,82,82,مفتاح عمران محمد لملوم,6,6,فرج هيبة حسن هيبة,6,6,,,,,,,,,,,,,,,,,,,,,,,,,,,,,,,,,,,,,,,,,,,,,,,,,,,,,,,,,,,,,,,,,,,,,,,,,,,,,,,,,,,,,,,,,,,,,,,,,,,,,,,,,,,,,,,,,,,,,,,,,,,,,,,,,,,,,,,,,,,,,,,,,,,,,,,,,,,,,,,,,,,,,,,,,,,,,,,,,,,,,,,,,,,,,,,,,,,,,,,,,,,,,,,,,,,,,,,,,,,,,,,,,,,,,,,,,,,,,,,,,,,,,,,,,,,,,,,,,,,,,,,,,,,,,,,,,,,,,,,,,,,,,,,,,,,,,,,,,,,,
20,117,115,98.0,زائد هدية عطية ابوبكر,1092,1092,ابراهيم مفتاح حمد سالم,928,928,حسن صالح محمد الزرقاء,874,874,ابراهيم مصطفى محمد حافظ,689,689,ابوبكر محمد عمر محمد,663,663,التهامي محمد علي احواس,618,618,محمد صرار معتوق السبيعي,527,527,فرج علي محمد ابراهيم الدروعي,400,400,انور الهيشي عبدالله الزيداني,399,399,رمضان عمران رمضان بومدينة,257,257,علي مفتاح المبروك العواي,241,241,اسماعيل علي محمد العريق,225,225,علي محمد علي ارويحة,172,172,سالم مرعي سالم محمد,110,110,خميس امحمد الجديد عتيق,106,106,سمير عبدالسلام عبدالله الجالي,106,106,محمد سالم محمد بن غزي,62,62,علي الغناي فرحات النعاس,52,52,عبدالكريم مصباح علي سعيد,49,49,فتحي احمد محمد عبدالحفيظ,46,46,علي كركرة عمر ابوستة,26,26,محمد مفتاح صالح دخيل,23,23,عبدالنبي سعد صالح عبدالمقصود,17,17,بشير معتوق جبريل مفتاح,12,12,جمال فرج امحمد مكادة,10,10,,,,,,,,,,,,,,,,,,,,,,,,,,,,,,,,,,,,,,,,,,,,,,,,,,,,,,,,,,,,,,,,,,,,,,,,,,,,,,,,,,,,,,,,,,,,,,,,,,,,,,,,,,,,,,,,,,,,,,,,,,,,,,,,,,,,,,,,,,,,,,,,,,,,,,,,,,,,,,,,,,,,,,,,,,,,,,,,,,,,,,,,,,,,,,,,,,,,,,,,,,,,,,,,,,,,,,,,,,,,,,,,,,,,,,,,,,,,,,,,,,,,,,,,,,,,,,,,,,,,,,,,
21,61,59,96.0,اسماعيل محمد بشير اسماعيل,703,703,معاد رافع صالح مسعود,612,612,مصطفى محمد امحمد العكشي,410,410,بشير محمد احمد الجللي,397,397,حمد محمد عبدالهادي كرشود,355,355,حمد موسى مرزوق محمد,352,352,عبدالسلام عبدالله بشير عمران,350,350,احمد محمد احمد الدنقلي,346,346,احمد السنوسي بشير العربي,312,312,عبدالهادي السنوسي الحاج احمد,238,238,احمد محمد حسن ابوالقاسم,205,205,جهاد محمد العربي علي العربي,183,183,فوزي هاشم محمد هاشم,144,144,محمد علي عبدالجليل الجروالي,118,118,علي محمد علي احميد,104,104,خالد محمد هاشم علي,86,86,امبارك عبدالسلام محمد عقيل,83,83,عبدالحكيم احميد حسن الاحيول,46,46,اسامة عبدالله حميدة الشيخ,27,27,,,,,,,,,,,,,,,,,,,,,,,,,,,,,,,,,,,,,,,,,,,,,,,,,,,,,,,,,,,,,,,,,,,,,,,,,,,,,,,,,,,,,,,,,,,,,,,,,,,,,,,,,,,,,,,,,,,,,,,,,,,,,,,,,,,,,,,,,,,,,,,,,,,,,,,,,,,,,,,,,,,,,,,,,,,,,,,,,,,,,,,,,,,,,,,,,,,,,,,,,,,,,,,,,,,,,,,,,,,,,,,,,,,,,,,,,,,,,,,,,,,,,,,,,,,,,,,,,,,,,,,,,,,,,,,,,,,,,,,,,,
22,117,103,88.0,ابراهيم مصباح الهادي علي,1298,1298,مصباح دومه امحمد اوحيدة,1004,1004,محمد عبدالسلام محمد عريفة,893,893,احمد الشارف الصغير ارحومه,810,810,محمد معتوق اجديد محمد اجديد,674,674,محمد المهدي محمد عبدالسلام الحضيري,608,608,خالد ابراهيم محمد احميده,492,492,ابراهيم نصر عبدالله عبدالرحمن,424,424,عثمان احمد مسعود احمد احمد,378,378,جمعة احمد علي دله,371,371,سليمان يونس ابوبكر سعيد,370,370,ادريس حمد ابوبكر محمد,332,332,خالد علي ابراهيم علي عزاقه,330,330,صلاح الدين صالح علي زيدان,298,298,حفاف عمر علي الاسود,287,287,عيسى السنوسي العمراوى العمراوى,262,262,الهادي بشير الهادى علي المبروك,247,247,احمد ابراهيم عبدالله ابراهيم,244,244,يونس ادريس الشارف الشاوش خويط,240,240,الفتحي محمد يوسف سالم الفلاني,223,223,محمد حسن عمر المنصوري,218,218,يامن احمد علي احمودة,209,209,علي عثمان الهمالي نصر,208,208,ابراهيم علي حامد احمد الحضيري,200,200,احمد الشيخ مسعود الرقاب,166,166,لامين اشتيوي محمد عبدالرحمن مغاير,157,157,الزروق عبدالله الزروق عبدالله,156,156,علي مبروك خميس احميدة,145,145,محمد ابوطبل علي ابوطبل,131,131,سالم محمد سالم احواس,124,124,عمر محمد علي الحميرى,120,120,احمد علي الشيباني جلغم,119,119,خالد حسين ابوبكر عيسى شكل,114,114,احمد محمد علي محمد,105,105,مسعود عبدالله مسعود احمد,96,96,اسامة محمد ابراهيم الجليدى,92,92,صالح احمد بالحسن مرعي اعمر,91,91,الصديق محمد عمر علي ميلاد,85,85,ابراهيم مصطفى عبدالله محمد الدلنسى,83,83,خالد مسعود عبدالله محمد صمدي,82,82,حسين صالح محمود عبدالقادر شرده,82,82,اشرف علي حسن علي صقاره,78,78,جمال الزروق ايوب الزروق,75,75,محمد  الفرجانى  حسن  الوحشى,73,73,سالم احميد علي مبارك,66,66,الاخضر ابراهيم محمد السعيدى,66,66,ادم حامد مبروك خير,60,60,يوسف كاليكورى قتى سيدى,51,51,احمد احمد محمد لملوم عمار,48,48,عيسى عاشور احميدة عيسى,44,44,علي حسن بياض علي,43,43,الكيلانى ابوبكر ابوبكر احجاز,30,30,محمد احمد عبدالعزيز عمر,16,16,عامر علي عامر سالم,16,16,محمد بدي حسن كواكواي,15,15,عيسى عبدالسلام محمود قنون,14,14,عبدالسلام محمد حسن غومه,8,8,محمد زقير برجله بوعزوم,5,5,ابراهيم مسعود ابراهيم صالح اشتيوى,4,4,ابوالقاسم احمد الحاج مسعود دادي,4,4,عبدالقادر عيسى احمد العيساوي,2,2,,,,,,,,,,,,,,,,,,,,,,,,,,,,,,,,,,,,,,,,,,,,,,,,,,,,,,,,,,,,,,,,,,,,,,,,,,,,,,,,,,,,,,,,,,,,,,,,,,,,,,,,,,,,,,,,,,,,,,,,,,,,,,,,,,,,,,,,,,,,,,,,,,,,,,,,,,,,
23,114,107,93.0,علي السعيدي سعد القائدي,935,935,ابوصلاح عبدالسلام ابوصلاح شلبي,776,776,عبدالله محمد عبدالله نصر لحنيش,747,747,الهادي علي محمد الصغير,739,739,مفتاح عيسى ابوبكر محمد الكرتيحي,704,704,عبدالغني حسن ميلاد تومي,633,633,رجب مفتاح عمار جمعه عمار,618,618,جمعة فكرون احمد دخيل فكرون,529,529,سالم احمد ميهوب القطعي,501,501,ابراهيم ابوالقاسم محمد الاصفر,386,386,ادريس ابوالقاسم عطاف محمد,360,360,عمر عبدالله علي عيسى,359,359,عمر جمعة سلطان ابراهيم احنيش,335,335,عبدالحكيم محمد عبدالقادر خلف الله,328,328,المهدي بشير محمد المهدي الشريف,317,317,رافع موسى سعد بحرى,312,312,عيسى عبدالجليل ابوبكر ابوجناح,297,297,ايمن محمد احمد سالم السريتي,295,295,محمد ادياب محمد جديرية,277,277,الزروق خليفة الزروق مصباح ابوجناح,236,236,يحى حسين محمد ساير,220,220,رياض سالم امحمد سليمان مرعى,215,215,علي محمد امحمد ابوعزوم,211,211,عادل محمد الكيلاني القاضي,209,209,محمد حامد الازهري علي الهمالي,200,200,علي ابوبكر قاسم ابراهيم فضل,197,197,عبدالحميد محمد الصديق عبدالقادر احمد,196,196,محمد علي سالم المبروك محمد,194,194,اسماعيل ابراهيم احمد خليفة,184,184,محمد السالم عبدالسلام محمد السالم عبدالله,181,181,علي خيرالدين الصيد امحمد عمر,171,171,علي بشير سعد ماضي,162,162,حامد عبدالسلام عبدالله البغدادى,151,151,حسن محمد سليم سالم,151,151,حاتم مصباح التومي ابوزيان,150,150,عبدالمجيد محمد محمد اشعيوي,148,148,اسامة علي احمد حسين,146,146,محمد عبدالله علي عبدالكريم,144,144,ابوبكر عمر محمد ابوالقاسم اسماعيل,144,144,عبدالله فرحات عبدالله المغربي,132,132,ابوالقاسم علي محمد محمود,129,129,مسعود فرج مسعود ابوكليش,128,128,زكريا عبدالقادر امحمد صمبه,123,123,ناصر ابوالعيد علي سالم ابوستة,122,122,احمد ابوبكر ماتكو نينو,117,117,عمر محمد امحمد ابوخزام,108,108,محمد السائح عبدالحفيظ عيسى ابوكم,107,107,عبدالباسط احمد ابوبكر شعشوع,106,106,محمود فرج علي عمر,90,90,محمد ابوبكر علي حسن دبيلة,88,88,عمر محمد عمر اكديويش,86,86,سالم عبدالله سالم المجدولي,83,83,عبدالله علي عبدالله احمد,82,82,اسعد حسين محمد بلبان,75,75,محمد دروخ ناجم عبدالله وريق,74,74,عبدالقادر ابراهيم منصور منصور,71,71,سالم علي المهدي سالم عبدالله,70,70,محمد احمد عيسى السرحاني,68,68,ابوبكر محمد المختار اعويدات,65,65,ابوبكر محمد البلبالي احمد,63,63,احمد الحاج علي امبية,58,58,احمد عمار سالم عمار,55,55,عبدالمنعم سالم سعد قراد,54,54,محمد سالم علي التامزوي,54,54,سالم علي الهاشمي منه,53,53,الزروق مصباح محمد ابوجناح,53,53,خالد القدري عبدالقادر امريمي,39,39,ابراهيم مشرى محمد بشير,35,35,رجب عبدالسلام سالم امبارك,35,35,محمد علي موهوب محمد شهاب الدين,35,35,محمد الصادق محمد البكوش,30,30,ناجي علي امحمد علي,19,19,حسن علي محمد الخازمي,18,18,محمود محمد علي الشنيني,14,14,علاءالدين حسن سعد حسن المبروك,10,10,امحمد علي ابوالقاسم احمد,5,5,السنوسي علي العجيلي احمودة,3,3,حمزة القدافي مسعود سالم بقص,3,3,انور احمد عمار جمعه عمار,3,3,علي السائح سعد الاحيمر,1,1,المنتصر خليفة عبدالرحمن ابراهيم,1,1,,,,,,,,,,,,,,,,,,,,,,,,,,,,,,,,,,,,,,,,,,,,,,,,,,,,,,,,,,,,,,,,,,,,,,,,,,,,,,,,,,,,,,,,,,,,,,,,
24,102,95,93.0,عبدالحفيظ محمد عبدالحفيظ الصغير,758,758,حسن ابوبكر عمر صالح,641,641,ابراهيم محمد كرنفودة احمد,601,601,سالم محمد محمد صالح السكالي,562,562,عبدالسلام محمد عبدالسلام محمد علي,547,547,عبدالقادر حسن يحي سليمان,535,535,عيسى محمد عبدالله وردكو,453,453,حسن محمد الشيبو محمد علي سعدالله,445,445,المهدي عبدالسلام المهدي الزوين,390,390,علي عبدالرزاق عبدالسلام العربي,390,390,حسن محمد علي اغليان,349,349,عيسى علي الامين ادم,320,320,يوسف عبدالهادي ابوبكر عبدالحفيظ,306,306,ابراهيم الخليل عبدالسلام مسعود علي,279,279,محمد بركة عبدالسلام رمضان احجيل,262,262,علي محمد عون الله ابوبكر ابوهديمة,247,247,عبدالسلام امحمد محمد اكريو,229,229,الامين عبدالكريم عبدالسلام عبدالكريم,227,227,شعبان محمد علي صالح,217,217,مفتاح ابوالقاسم عبدالسلام ابو القاسم,179,179,بلقاسم سالم عبدالواحد الصادق,170,170,سمير يوسف الجيلاني الزروق,164,164,عبدالكبير مختار محمد صوله,162,162,احمد محمد ربوه ربوه,162,162,محمد الوافي محمد الشريف,146,146,عادل احمد الصالحين عبدالرحيم,143,143,الامين عبدالحفيظ علي شنقلة,135,135,جمال بشير محمد الكنتي,128,128,احمد محمد علي محمد الانصاري,124,124,ابوسيف خليل محمد ابوسيف,124,124,زيدان الصديق محمد ابوسيف,123,123,مسعود عبدالسلام غيث الخضر,121,121,مسعود علي ابوصلاح الخير,117,117,سالم الامين عبدالقادر الامين,114,114,علي عبدالقادر محمد التواتي,101,101,ابوستة المدني رجب شاكبه,91,91,علي جبريل محمد جبريل,89,89,محي الدين عبدالقادر عبدالهادي صالح,88,88,محمد صالح محمد الشيخ,80,80,عبدالقادر سالم عبدالسلام التحبو,71,71,محمد الطاهر سليمان علي امبلو,66,66,صالح سليمان حيد محمد,49,49,عبدالنبي محمد احسين محفوظ دومه,46,46,عبدالجليل محمد عبدالجليل قجيرة,39,39,امبارك احمد الخير امبارك,38,38,عبدالله صالح صالح علي,34,34,محمد عبدالسلام محمد انداره,33,33,حسين محمد احمد الانصاري,19,19,عبدالرزاق حسن عبدالرزاق ابوصلاح,18,18,محمد احمد كولو لافي,7,7,مفتاح ابراهيم الامين البكوش,7,7,خالد محمد تاج الدين محمد احمد,6,6,معاد احمد عبدالرحمن محمد انصير,4,4,موسى سليمان ساسي محمود,4,4,,,,,,,,,,,,,,,,,,,,,,,,,,,,,,,,,,,,,,,,,,,,,,,,,,,,,,,,,,,,,,,,,,,,,,,,,,,,,,,,,,,,,,,,,,,,,,,,,,,,,,,,,,,,,,,,,,,,,,,,,,,,,,,,,,,,,,,,,,,,,,,,,,,,,,,,,,,,,,,,,,,,,,,,,,,,,,,,,
25,42,39,92.0,نصر يوسف محمد الغرياني,409,409,صالح همه محمد بكده,353,353,محمد العربي حميدة العربي,284,284,مصطفى ابوبكر مصطفى مصطفى بركة,268,268,محمد الصافي ابراهيم عبدالرحمن الانصاري,266,266,علي موسى علي علي,195,195,جمال محمد بابا عبدالكريم انفوني,157,157,الحبيب احمد حسن الحبيب,107,107,اسماعيل كنيس علي زنقينه,105,105,محمد اشمد محمد اوتكه,90,90,عيسى بيلال كزركة زماكي,78,78,عبدالرحيم احمد بابا محمد سيدي احمد,67,67,عمر ابراهيم ماخي عبدالقادر,49,49,ابكدا محمد علي كلاله,44,44,رمزي علي منصور الثني,31,31,نوري رمضان محمد ابو,22,22,عمر عبدالقادر ابوالقاسم السنوسي,7,7,,,,,,,,,,,,,,,,,,,,,,,,,,,,,,,,,,,,,,,,,,,,,,,,,,,,,,,,,,,,,,,,,,,,,,,,,,,,,,,,,,,,,,,,,,,,,,,,,,,,,,,,,,,,,,,,,,,,,,,,,,,,,,,,,,,,,,,,,,,,,,,,,,,,,,,,,,,,,,,,,,,,,,,,,,,,,,,,,,,,,,,,,,,,,,,,,,,,,,,,,,,,,,,,,,,,,,,,,,,,,,,,,,,,,,,,,,,,,,,,,,,,,,,,,,,,,,,,,,,,,,,,,,,,,,,,,,,,,,,,,,,,,,,,
26,38,37,97.0,محمد علي عبدالله امدور امومن,611,611,ابراهيم محمد احمد الامين باشا,443,443,عبدالسلام الحاج حسن محمدين كرمي,322,322,عبدالرحمن محمد احمد الصالحين,273,273,الناصر علي الشامسي الشامسي,237,237,محمد احمد علي الامين باشا,196,196,عبدالوهاب محمد علي ابراهيم عبدالوهاب,137,137,فتحي رجب الامين اعبيدات,118,118,عبدالمحسن احمد المهدي مطر,111,111,محمد احمد محمد احمد حسن,78,78,عائشة منصور المهدي الصديق,64,64,صبحي الصالحين عبدالعالي يوسف,39,39,رجب سعد محمد علي بن يحمد,25,25,,,,,,,,,,,,,,,,,,,,,,,,,,,,,,,,,,,,,,,,,,,,,,,,,,,,,,,,,,,,,,,,,,,,,,,,,,,,,,,,,,,,,,,,,,,,,,,,,,,,,,,,,,,,,,,,,,,,,,,,,,,,,,,,,,,,,,,,,,,,,,,,,,,,,,,,,,,,,,,,,,,,,,,,,,,,,,,,,,,,,,,,,,,,,,,,,,,,,,,,,,,,,,,,,,,,,,,,,,,,,,,,,,,,,,,,,,,,,,,,,,,,,,,,,,,,,,,,,,,,,,,,,,,,,,,,,,,,,,,,,,,,,,,,,,,,,,,,,,,,
27,64,54,84.0,محمد ادم محمد لينو,7083,7083,ابوبكر محمد محمد التارقي,1262,1262,منير النور السبتي السبتي,567,567,شاكر الدردير ابراهيم علوه,51,51,ابراهيم محمد صالح ابراهيم الحاج علي,24,24,محمد وردكو انر يحى,16,16,محمد محمد عثمان عثمان,10,10,عبدالقادر صالح عبدالكريم بن عبيد,7,7,,,,,,,,,,,,,,,,,,,,,,,,,,,,,,,,,,,,,,,,,,,,,,,,,,,,,,,,,,,,,,,,,,,,,,,,,,,,,,,,,,,,,,,,,,,,,,,,,,,,,,,,,,,,,,,,,,,,,,,,,,,,,,,,,,,,,,,,,,,,,,,,,,,,,,,,,,,,,,,,,,,,,,,,,,,,,,,,,,,,,,,,,,,,,,,,,,,,,,,,,,,,,,,,,,,,,,,,,,,,,,,,,,,,,,,,,,,,,,,,,,,,,,,,,,,,,,,,,,,,,,,,,,,,,,,,,,,,,,,,,,,,,,,,,,,,,,,,,,,,,,,,,,,,,,,,,,,
28,34,32,94.0,محمد ابراهيم اسماعيل تامر,252,252,ابراهيم المهدي احمد الصوفي,194,194,عبدالقادر عبدالله محمد جبريل,135,135,فرحات محمد عبدالله حمزة,108,108,محمد منصور سعيد شكره,96,96,,,,,,,,,,,,,,,,,,,,,,,,,,,,,,,,,,,,,,,,,,,,,,,,,,,,,,,,,,,,,,,,,,,,,,,,,,,,,,,,,,,,,,,,,,,,,,,,,,,,,,,,,,,,,,,,,,,,,,,,,,,,,,,,,,,,,,,,,,,,,,,,,,,,,,,,,,,,,,,,,,,,,,,,,,,,,,,,,,,,,,,,,,,,,,,,,,,,,,,,,,,,,,,,,,,,,,,,,,,,,,,,,,,,,,,,,,,,,,,,,,,,,,,,,,,,,,,,,,,,,,,,,,,,,,,,,,,,,,,,,,,,,,,,,,,,,,,,,,,,,,,,,,,,,,,,,,,,,,,,,,,,
29,30,29,96.0,المهدي مسعود حسين الاعور,246,246,حمد محمد امحمد طاهر,229,229,عبدالسلام علي ابراهيم صفور,114,114,عبدالله الامين عبدالله الجنيدي,109,109,محمد عبدالنبي بقي بقي,80,80,عبدالله عبدالسلام سالم الطاهر,5,5,,,,,,,,,,,,,,,,,,,,,,,,,,,,,,,,,,,,,,,,,,,,,,,,,,,,,,,,,,,,,,,,,,,,,,,,,,,,,,,,,,,,,,,,,,,,,,,,,,,,,,,,,,,,,,,,,,,,,,,,,,,,,,,,,,,,,,,,,,,,,,,,,,,,,,,,,,,,,,,,,,,,,,,,,,,,,,,,,,,,,,,,,,,,,,,,,,,,,,,,,,,,,,,,,,,,,,,,,,,,,,,,,,,,,,,,,,,,,,,,,,,,,,,,,,,,,,,,,,,,,,,,,,,,,,,,,,,,,,,,,,,,,,,,,,,,,,,,,,,,,,,,,,,,,,,,,,,,,,,,,
30,32,30,93.0,احميد حمد علي حومه,443,443,عبدالسلام صالح عبدالسلام الضب,319,319,عبدالحفيظ ابوزيد احمد عبدالغني,119,119,ابوبكر احمد محمد الشريف,114,114,عبدالسلام منصور علي الشنيبات,110,110,محمد البغدادي بريش البغدادي,22,22,محمد احميد صالح زيدان,12,12,حسن عبدالسلام علي عمران,9,9,,,,,,,,,,,,,,,,,,,,,,,,,,,,,,,,,,,,,,,,,,,,,,,,,,,,,,,,,,,,,,,,,,,,,,,,,,,,,,,,,,,,,,,,,,,,,,,,,,,,,,,,,,,,,,,,,,,,,,,,,,,,,,,,,,,,,,,,,,,,,,,,,,,,,,,,,,,,,,,,,,,,,,,,,,,,,,,,,,,,,,,,,,,,,,,,,,,,,,,,,,,,,,,,,,,,,,,,,,,,,,,,,,,,,,,,,,,,,,,,,,,,,,,,,,,,,,,,,,,,,,,,,,,,,,,,,,,,,,,,,,,,,,,,,,,,,,,,,,,,,,,,,,,,,,,,,,,
31,40,39,97.0,صالح قلمه يسكو دركوي,1277,1277,حسين احمد الرشيد احمد,845,845,مولى الزروق ابراهيم قرصدى,10,10,احمد بركة سيدى محمد,7,7,المهدي ورضمي الامين قدينو,7,7,,,,,,,,,,,,,,,,,,,,,,,,,,,,,,,,,,,,,,,,,,,,,,,,,,,,,,,,,,,,,,,,,,,,,,,,,,,,,,,,,,,,,,,,,,,,,,,,,,,,,,,,,,,,,,,,,,,,,,,,,,,,,,,,,,,,,,,,,,,,,,,,,,,,,,,,,,,,,,,,,,,,,,,,,,,,,,,,,,,,,,,,,,,,,,,,,,,,,,,,,,,,,,,,,,,,,,,,,,,,,,,,,,,,,,,,,,,,,,,,,,,,,,,,,,,,,,,,,,,,,,,,,,,,,,,,,,,,,,,,,,,,,,,,,,,,,,,,,,,,,,,,,,,,,,,,,,,,,,,,,,,,
32,106,101,95.0,سليمان عمر محمد الحراري,1269,1269,صلاح علي الشيباني زوبيك,804,804,نعيم محمد علي عبدالرحمن,717,717,توفيق حسين شعبان ابوزيد,557,557,عبدالونيس مهدب احمد حفاف,516,516,عبدالخالق محمد بلعيد الدايخ,512,512,كمال عبدالمجيد محمد سالم,509,509,يوسف محمد العجيلي ابوشاقور,479,479,خالد مصباح سالم عبادي,453,453,فتحي العربي ابراهيم يوسف,399,399,عبدالواحد جمعة محمد قداره,385,385,خليفة عبدالله خليفة حسن,353,353,وحيد محمد عبدالجليل برشان,333,333,عادل احمد عمر فرج,293,293,السنوسي عمر محمد سعيد,288,288,عاشور عبدالله عمر سويسي,237,237,محمود توفيق عبدالسلام امحمد,229,229,احمد جمعة علي طروم,214,214,محمد احميد محمد الرطيل,196,196,صالح مصباح صالح الشتيوي,182,182,محمد مفتاح محمد الرزاقي,180,180,محمد جمعة بلعيد الطويل,138,138,محمد خليفة علي سويسي,126,126,عبدالمجيد زيدان انطاط الشريف,95,95,وجدي خليفة عبدالسلام سالم,82,82,منصور عبدالكريم رمضان الطير,82,82,يونس ابوعبدالله المصري المصري,72,72,عبدالسلام صالح عبدالسلام عبدالرسول,67,67,نجيب محمد عمر الباجي,47,47,طارق عبدالسلام العجيلي وزيرة,43,43,نصرالدين عبدالسلام سعد حسين,35,35,,,,,,,,,,,,,,,,,,,,,,,,,,,,,,,,,,,,,,,,,,,,,,,,,,,,,,,,,,,,,,,,,,,,,,,,,,,,,,,,,,,,,,,,,,,,,,,,,,,,,,,,,,,,,,,,,,,,,,,,,,,,,,,,,,,,,,,,,,,,,,,,,,,,,,,,,,,,,,,,,,,,,,,,,,,,,,,,,,,,,,,,,,,,,,,,,,,,,,,,,,,,,,,,,,,,,,,,,,,,,,,,,,,,,,,,,,,,,,,,,,,,,,
33,44,42,95.0,عبدالوهاب عمر خليفة زولية,1266,1266,موسى محمد محمد زنين,994,994,الصديق عثمان احمد الساعدي,522,522,عبدالحميد امحمد المهدي بلقاسم,16,16,هشام البشير علي المقطوف,6,6,موسى عبدالله محمد بقر,3,3,,,,,,,,,,,,,,,,,,,,,,,,,,,,,,,,,,,,,,,,,,,,,,,,,,,,,,,,,,,,,,,,,,,,,,,,,,,,,,,,,,,,,,,,,,,,,,,,,,,,,,,,,,,,,,,,,,,,,,,,,,,,,,,,,,,,,,,,,,,,,,,,,,,,,,,,,,,,,,,,,,,,,,,,,,,,,,,,,,,,,,,,,,,,,,,,,,,,,,,,,,,,,,,,,,,,,,,,,,,,,,,,,,,,,,,,,,,,,,,,,,,,,,,,,,,,,,,,,,,,,,,,,,,,,,,,,,,,,,,,,,,,,,,,,,,,,,,,,,,,,,,,,,,,,,,,,,,,,,,,,
34,40,35,87.0,اكرم عيسى عمر خليفة,414,414,,,,,,,,,,,,,,,,,,,,,,,,,,,,,,,,,,,,,,,,,,,,,,,,,,,,,,,,,,,,,,,,,,,,,,,,,,,,,,,,,,,,,,,,,,,,,,,,,,,,,,,,,,,,,,,,,,,,,,,,,,,,,,,,,,,,,,,,,,,,,,,,,,,,,,,,,,,,,,,,,,,,,,,,,,,,,,,,,,,,,,,,,,,,,,,,,,,,,,,,,,,,,,,,,,,,,,,,,,,,,,,,,,,,,,,,,,,,,,,,,,,,,,,,,,,,,,,,,,,,,,,,,,,,,,,,,,,,,,,,,,,,,,,,,,,,,,,,,,,,,,,,,,,,,,,,,,,,,,,,,,,,,,,,,,,,,,,,
35,49,42,85.0,طارق ابوبكر امحمد ابوهيسة,2717,2717,عادل عبدالسلام ميلاد ابورقيقة,427,427,مصباح عبدالسلام سالم احمد,418,418,مسعود عيسى محمد العرضاوي,148,148,جمعة محمد التومي محمد الوحيشي,42,42,موسى الهادي احمد سالم,38,38,جويد عبدالقادر محمد سالم,23,23,خالد عبدالواحد احمد الشماخي,13,13,محمد سالم سعيد العجيلي,13,13,محمد ابراهيم محمد سعيد,2,2,اسامة احمد سعيد الكشريو,1,1,,,,,,,,,,,,,,,,,,,,,,,,,,,,,,,,,,,,,,,,,,,,,,,,,,,,,,,,,,,,,,,,,,,,,,,,,,,,,,,,,,,,,,,,,,,,,,,,,,,,,,,,,,,,,,,,,,,,,,,,,,,,,,,,,,,,,,,,,,,,,,,,,,,,,,,,,,,,,,,,,,,,,,,,,,,,,,,,,,,,,,,,,,,,,,,,,,,,,,,,,,,,,,,,,,,,,,,,,,,,,,,,,,,,,,,,,,,,,,,,,,,,,,,,,,,,,,,,,,,,,,,,,,,,,,,,,,,,,,,,,,,,,,,,,,,,,,,,,,,,,,,,,,
36,36,35,97.0,عمر سالم امحمد العربي,230,230,عبدالكريم ابوبكر ابراهيم المزوغي,211,211,ابراهيم سالم ابوالقاسم الشيباني,179,179,سالم علي خليفة القمودي,172,172,فاتح احمد محمد ابو الطويرات,156,156,عبدالباسط محمد محمد طابون,99,99,امحمد المبروك سالم السعدي,86,86,مصطفى امحمد محمد عبدالكريم,67,67,ناصر محمد علي الدحنوس,42,42,عادل علي محمد سالم,24,24,,,,,,,,,,,,,,,,,,,,,,,,,,,,,,,,,,,,,,,,,,,,,,,,,,,,,,,,,,,,,,,,,,,,,,,,,,,,,,,,,,,,,,,,,,,,,,,,,,,,,,,,,,,,,,,,,,,,,,,,,,,,,,,,,,,,,,,,,,,,,,,,,,,,,,,,,,,,,,,,,,,,,,,,,,,,,,,,,,,,,,,,,,,,,,,,,,,,,,,,,,,,,,,,,,,,,,,,,,,,,,,,,,,,,,,,,,,,,,,,,,,,,,,,,,,,,,,,,,,,,,,,,,,,,,,,,,,,,,,,,,,,,,,,,,,,,,,,,,,,,,,,,,,,,
37,34,33,97.0,محمد احمد امحمد نيقرو,552,552,علي امبارك محمد جعاط,356,356,احمد العابد خليفة عبدالله,355,355,محمد سعدالله احمد محمد,248,248,عبدالله الكيلاني جمعة الواعر,156,156,حسين احمد احميد خليفة,133,133,مصطفى خليفة علي محمد,91,91,ساسي عمران ساسي شوشان,56,56,,,,,,,,,,,,,,,,,,,,,,,,,,,,,,,,,,,,,,,,,,,,,,,,,,,,,,,,,,,,,,,,,,,,,,,,,,,,,,,,,,,,,,,,,,,,,,,,,,,,,,,,,,,,,,,,,,,,,,,,,,,,,,,,,,,,,,,,,,,,,,,,,,,,,,,,,,,,,,,,,,,,,,,,,,,,,,,,,,,,,,,,,,,,,,,,,,,,,,,,,,,,,,,,,,,,,,,,,,,,,,,,,,,,,,,,,,,,,,,,,,,,,,,,,,,,,,,,,,,,,,,,,,,,,,,,,,,,,,,,,,,,,,,,,,,,,,,,,,,,,,,,,,,,,,,,,,,
38,35,34,97.0,صلاح الصهبي علي بلحوق,412,412,عبدالوهاب الصادق الطاهر عراب,276,276,عبدالمنعم عمر خليفة المروم,241,241,عمر احمد عبدالجليل جدول,213,213,الهادي عمر محمد الفلوس,136,136,مصطفى علي المهدي غريبي,51,51,,,,,,,,,,,,,,,,,,,,,,,,,,,,,,,,,,,,,,,,,,,,,,,,,,,,,,,,,,,,,,,,,,,,,,,,,,,,,,,,,,,,,,,,,,,,,,,,,,,,,,,,,,,,,,,,,,,,,,,,,,,,,,,,,,,,,,,,,,,,,,,,,,,,,,,,,,,,,,,,,,,,,,,,,,,,,,,,,,,,,,,,,,,,,,,,,,,,,,,,,,,,,,,,,,,,,,,,,,,,,,,,,,,,,,,,,,,,,,,,,,,,,,,,,,,,,,,,,,,,,,,,,,,,,,,,,,,,,,,,,,,,,,,,,,,,,,,,,,,,,,,,,,,,,,,,,,,,,,,,,
40,43,42,97.0,عبدالسلام عبدالله امحمد نصية,482,482,عمر غيث قرميل ابوكدر,373,373,علي محمد محمد عامر,159,159,محمد عبدالقادر سالم بيترو,153,153,عبدالله احمد محمد القحيص,69,69,خليفة محمد علي بن علي,47,47,عبدالله ابراهيم علي سحبانة,43,43,,,,,,,,,,,,,,,,,,,,,,,,,,,,,,,,,,,,,,,,,,,,,,,,,,,,,,,,,,,,,,,,,,,,,,,,,,,,,,,,,,,,,,,,,,,,,,,,,,,,,,,,,,,,,,,,,,,,,,,,,,,,,,,,,,,,,,,,,,,,,,,,,,,,,,,,,,,,,,,,,,,,,,,,,,,,,,,,,,,,,,,,,,,,,,,,,,,,,,,,,,,,,,,,,,,,,,,,,,,,,,,,,,,,,,,,,,,,,,,,,,,,,,,,,,,,,,,,,,,,,,,,,,,,,,,,,,,,,,,,,,,,,,,,,,,,,,,,,,,,,,,,,,,,,,,,,,,,,,
41,66,61,92.0,علي محمد ابوالقاسم ابراهيم,4029,4029,فهمي عبدالرحمن علي التواتي,2454,2454,احمد علي احمد عمر,660,660,محمد حسن مسعود الشويشين,426,426,احمد السنوسي احمد علي,66,66,طلال محمد علي بشير,23,23,الطاهر ضو مسعود علي الرفاعي,17,17,علي مصباح المبروك الكباشي,11,11,منير عبدالله سعد مكاري,10,10,حسن ابراهيم خليفة الحرك,8,8,محمد احمد سالم المبروك سالم,8,8,مصطفى محمد ابراهيم غريبة,7,7,حسن عبدالسلام المبروك ابراهيم الشنشاني,5,5,اسماعيل المختار علي شعالة,4,4,ابراهيم محمد امحمد غريبة,4,4,المبروك علي مسعود الشويشين الجلد,3,3,عبدالحكيم احمد محمد مكاري,3,3,موسى احمد محمد امحمد الرقيق,3,3,الطاهر محمد علي غريبة,3,3,فرج امحمد مسعود حسن,2,2,رمضان ادريس سعيد سويسي,2,2,حسن علي عبدالله الضبع,0,0,,,,,,,,,,,,,,,,,,,,,,,,,,,,,,,,,,,,,,,,,,,,,,,,,,,,,,,,,,,,,,,,,,,,,,,,,,,,,,,,,,,,,,,,,,,,,,,,,,,,,,,,,,,,,,,,,,,,,,,,,,,,,,,,,,,,,,,,,,,,,,,,,,,,,,,,,,,,,,,,,,,,,,,,,,,,,,,,,,,,,,,,,,,,,,,,,,,,,,,,,,,,,,,,,,,,,,,,,,,,,,,,,,,,,,,,,,,,,,,,,,,,,,,,,,,,,,,,,,,,,,,,,,,,,,,,,
42,42,41,97.0,سالم مسعود سالم قنان,705,705,احمد ايوب مسعود ايوب,195,195,خيري خليفة عمرو الطالب,51,51,,,,,,,,,,,,,,,,,,,,,,,,,,,,,,,,,,,,,,,,,,,,,,,,,,,,,,,,,,,,,,,,,,,,,,,,,,,,,,,,,,,,,,,,,,,,,,,,,,,,,,,,,,,,,,,,,,,,,,,,,,,,,,,,,,,,,,,,,,,,,,,,,,,,,,,,,,,,,,,,,,,,,,,,,,,,,,,,,,,,,,,,,,,,,,,,,,,,,,,,,,,,,,,,,,,,,,,,,,,,,,,,,,,,,,,,,,,,,,,,,,,,,,,,,,,,,,,,,,,,,,,,,,,,,,,,,,,,,,,,,,,,,,,,,,,,,,,,,,,,,,,,,,,,,,,,,,,,,,,,,,,,,,,,,,
43,47,46,97.0,احفيظ خليفة احمد شنينة,1116,1116,محمد احمد نصر ابوسنينة,454,454,علي خليفة علي اسطيلة,275,275,محمد خليفة عبدالله ادهينه,274,274,المبروك سعيد امحمد الهلاك,147,147,محمد الكيال احنين العثري,143,143,امين شمس الدين امين شيحة,100,100,,,,,,,,,,,,,,,,,,,,,,,,,,,,,,,,,,,,,,,,,,,,,,,,,,,,,,,,,,,,,,,,,,,,,,,,,,,,,,,,,,,,,,,,,,,,,,,,,,,,,,,,,,,,,,,,,,,,,,,,,,,,,,,,,,,,,,,,,,,,,,,,,,,,,,,,,,,,,,,,,,,,,,,,,,,,,,,,,,,,,,,,,,,,,,,,,,,,,,,,,,,,,,,,,,,,,,,,,,,,,,,,,,,,,,,,,,,,,,,,,,,,,,,,,,,,,,,,,,,,,,,,,,,,,,,,,,,,,,,,,,,,,,,,,,,,,,,,,,,,,,,,,,,,,,,,,,,,,,
44,44,37,84.0,علي خليفة محمد العيساوي,546,546,محمد عطية محمد عمر,507,507,فتحي ابراهيم احتيوش احتيوش,153,153,طارق عمر نصر برطشة,120,120,عثمان سعيد محمد احمد,59,59,مصطفى عطية عبدالله عبدالله البدراني,34,34,,,,,,,,,,,,,,,,,,,,,,,,,,,,,,,,,,,,,,,,,,,,,,,,,,,,,,,,,,,,,,,,,,,,,,,,,,,,,,,,,,,,,,,,,,,,,,,,,,,,,,,,,,,,,,,,,,,,,,,,,,,,,,,,,,,,,,,,,,,,,,,,,,,,,,,,,,,,,,,,,,,,,,,,,,,,,,,,,,,,,,,,,,,,,,,,,,,,,,,,,,,,,,,,,,,,,,,,,,,,,,,,,,,,,,,,,,,,,,,,,,,,,,,,,,,,,,,,,,,,,,,,,,,,,,,,,,,,,,,,,,,,,,,,,,,,,,,,,,,,,,,,,,,,,,,,,,,,,,,,,
45,48,46,95.0,عبدالقادر بشير عبدالقادر هيبة,723,723,ابوبكر عمر محمد هارون,585,585,يوسف سليمان ميلود هبو,434,434,الشيباني حمادي عصمان بلال,414,414,اسامة صالح عطية موسى,27,27,,,,,,,,,,,,,,,,,,,,,,,,,,,,,,,,,,,,,,,,,,,,,,,,,,,,,,,,,,,,,,,,,,,,,,,,,,,,,,,,,,,,,,,,,,,,,,,,,,,,,,,,,,,,,,,,,,,,,,,,,,,,,,,,,,,,,,,,,,,,,,,,,,,,,,,,,,,,,,,,,,,,,,,,,,,,,,,,,,,,,,,,,,,,,,,,,,,,,,,,,,,,,,,,,,,,,,,,,,,,,,,,,,,,,,,,,,,,,,,,,,,,,,,,,,,,,,,,,,,,,,,,,,,,,,,,,,,,,,,,,,,,,,,,,,,,,,,,,,,,,,,,,,,,,,,,,,,,,,,,,,,,
46,54,52,96.0,جاب الله محمد جاب الله محمد,653,653,مصطفى مخلوف علي اقريمة,611,611,علي سالم عبدالهادي اكرن,234,234,عالية مفتاح عبدالحفيظ عمر,188,188,سالم ادم جمعة حسن,44,44,صبري عيسى ابراهيم ابديوي,13,13,,,,,,,,,,,,,,,,,,,,,,,,,,,,,,,,,,,,,,,,,,,,,,,,,,,,,,,,,,,,,,,,,,,,,,,,,,,,,,,,,,,,,,,,,,,,,,,,,,,,,,,,,,,,,,,,,,,,,,,,,,,,,,,,,,,,,,,,,,,,,,,,,,,,,,,,,,,,,,,,,,,,,,,,,,,,,,,,,,,,,,,,,,,,,,,,,,,,,,,,,,,,,,,,,,,,,,,,,,,,,,,,,,,,,,,,,,,,,,,,,,,,,,,,,,,,,,,,,,,,,,,,,,,,,,,,,,,,,,,,,,,,,,,,,,,,,,,,,,,,,,,,,,,,,,,,,,,,,,,,,
47,263,262,99.0,سليمان محمد محمد الفقيه,11108,11108,فتحي علي عبدالسلام باشاغا,6553,6553,محمد عبدالكريم محمد الرعيض,2670,2670,عبدالرحمن الشيباني احمد السويحلي,2122,2122,محمد ابراهيم علي الضراط,2070,2070,محمد منصور علي حنيش,1749,1749,كمال البشير احمد الجمل,1632,1632,محمد حسن احمد الفقيه,1478,1478,سليمان محمد ابوبكر البيوضي,1331,1331,حسن احمد علي الاشلم,1155,1155,ابراهيم رمضان الفيتوري بن رمضان,1083,1083,طاهر امحمد عثمان بن طاهر,825,825,علي مصطفى بشير ابوفناس,805,805,نجم الدين محمد علي الناقوزي,705,705,عبدالله محمد ابوبكر الناضوري,697,697,محمد المهدي محمد اشتيوي,688,688,مصطفى محمد موسى محمود,657,657,محمد علي محمد الجريدي كرواد,528,528,السنوسي محمود امحمد سويب,514,514,محمد ادريس محمود محمد طرينة,498,498,عبدالواحد علي محمد الشيخ,488,488,محمود عمر محمود ساطي,460,460,الطيب محمد علي اميمه,434,434,علي حسن محمد صوان,425,425,عبدالله محمد عوض الدرويش,389,389,احمد محمد احمد جحا,385,385,عبدالقادر عبدالله عثمان خضر,357,357,محمد علي احمد الشريف,351,351,محمد سالم الصغير قريصة,321,321,علي اسماعيل احمد درز,293,293,عبدالفتاح علي عامر ابوشوفة,277,277,جلال عمر محمد الحداد,275,275,محمد عمر محمد المنقوش,249,249,فتحي احمد محمد الغزالي,238,238,محمد علي محمد القطيط,216,216,عبدالكريم جمال عبدالكريم كرواد,212,212,عمر سالم رمضان الصنكي,208,208,علي عبدالقادر عبدالله الجعراني,193,193,صالح عبدالسلام عبدالقادر الصيد,173,173,علي خليل علي البرقلي,163,163,محمد عامر محمد الشريف,126,126,عمرو عبدالقادر احمد جحا,126,126,عاطف ابراهيم شقلوف شقلوف,118,118,سالم الطاهر مصطفى ابوطلاق,89,89,حسين المهدي امحمد اسويب,74,74,رضوان محمد امحمد بادي,71,71,امين عبدالله محمد الشريف,53,53,احمد محمد عمر المحجوب,41,41,احمد عبدالله علي فضيل,23,23,,,,,,,,,,,,,,,,,,,,,,,,,,,,,,,,,,,,,,,,,,,,,,,,,,,,,,,,,,,,,,,,,,,,,,,,,,,,,,,,,,,,,,,,,,,,,,,,,,,,,,,,,,,,,,,,,,,,,,,,,,,,,,,,,,,,,,,,,,,,,,,,,,,,,,,,,,,,,,,,,,,,,,,,,,,,,,,,,,,,,,,,,,,,,,,,
48,82,81,98.0,حسن الطاهر علي مصباح,650,650,محمد علي الواعر ابراهيم,474,474,فتحي محمد مفتاح مفتاح,305,305,حمزة سعيد الغضيوي الصغير,258,258,علي الهادي محمد الزوام,234,234,علي عبدالسلام المهدي قاجه,187,187,محمد ضو محمد ضو,187,187,عبدالقادر علي موسى الغول,166,166,الهادي خليفة محمد الرزقي,160,160,عبدالناصر يونس مفتاح الرباصي,152,152,عبدالله محمد ابوعزوم عبدالنبي بلخير,129,129,رمضان احمد الزروق بارود,120,120,عبدالوهاب عبدالله بشير بشير,116,116,الهمالي بشير الهمالي كرناف,105,105,حسن عبدالرحيم منصور محمد,94,94,صلاح عبدالسلام مصباح العامري,84,84,يوسف خليفة محمد الجغلي,73,73,عادل ميلاد رحيل ابوكراع,64,64,فخرالدين عبدالسلام عبدالمطلب ابراهيم,47,47,عدنان منصور احمد اجويليق,45,45,مريم بلقاسم محمد الطيب,40,40,حاتم عبدالسلام امحمد ميلاد,29,29,احمد بن بله عمر محمد الهريوت,21,21,عبدالسلام عمر عبدالعالي التويجر,17,17,محمد المهدي عبدالكريم اجريبي,11,11,عمر علي عمر ابوخنجر,9,9,الهادي ابوبكر عامر علي,7,7,,,,,,,,,,,,,,,,,,,,,,,,,,,,,,,,,,,,,,,,,,,,,,,,,,,,,,,,,,,,,,,,,,,,,,,,,,,,,,,,,,,,,,,,,,,,,,,,,,,,,,,,,,,,,,,,,,,,,,,,,,,,,,,,,,,,,,,,,,,,,,,,,,,,,,,,,,,,,,,,,,,,,,,,,,,,,,,,,,,,,,,,,,,,,,,,,,,,,,,,,,,,,,,,,,,,,,,,,,,,,,,,,,,,,,,,,,,,,,,,,,,,,,,,,,,,,,,,,,
49,137,135,98.0,محمد الهادي علي الهاشمي بن خليل,1275,1275,عبدالغني احمد محمد الفطيسي,1160,1160,عزالدين عبدالسلام عطية قويرب,1101,1101,عمار ميلاد رجب الابلق,1044,1044,محمد عمران محمد الصغير,935,935,عمر نوري عثمان اقدارة,864,864,مصطفى الهادي محمد الشريف,845,845,عبدالعظيم عمر محمد السائح الاشهب,753,753,فتحي ابوبكر محمد بن عائشة,623,623,شمسي عبدالغني احمد دعوب,602,602,عبدالعزيز محمد علي سالم,519,519,الهادي بلعيد مفتاح احسونه اغا,487,487,عبدالله ابراهيم محمد الكشر,429,429,عبدالسلام ميلاد خليفة المقلة,383,383,الصديق مصطفى المهدي جابر,358,358,عزالدين فرج احمد الشويرف,316,316,عبدالسلام الهادي التوهامي غويلة,307,307,عمر عبدالله عمر البربار,263,263,مفتاح علي ميلاد حديد,258,258,محمد جمال الدين مختار محمد علي,250,250,سالم عمر علي الزعلوك,237,237,عبدالمنعم جمعة محمد الصاري,202,202,اشرف رمضان علي صوان,183,183,محمد عمر عطية حبيل,135,135,مصطفى علي خليفة بن خليل,103,103,مصطفى ميلاد محمد حمير,99,99,محمود فرج محمد بن طاهر,76,76,عطية عمر امحمد حمير,74,74,طارق المبروك رمضان حضيري,72,72,احمد محمد ابورخيص عاشور,70,70,محمد مصباح شعبان الجندي,68,68,حمزة محمد مفتاح المحجوب,60,60,مفتاح عبدالهادي فرج كدي,58,58,حسين عمر سالم اوحيدة,55,55,خالد محمد عبدالله قراطم,52,52,اسماعيل مصطفى احمد الشيخة العاتي,28,28,معمر رمضان محمد قصيل,27,27,عبدالحكيم سالم عمران البراح,19,19,عادل معمر محمد ابوزقاية,6,6,,,,,,,,,,,,,,,,,,,,,,,,,,,,,,,,,,,,,,,,,,,,,,,,,,,,,,,,,,,,,,,,,,,,,,,,,,,,,,,,,,,,,,,,,,,,,,,,,,,,,,,,,,,,,,,,,,,,,,,,,,,,,,,,,,,,,,,,,,,,,,,,,,,,,,,,,,,,,,,,,,,,,,,,,,,,,,,,,,,,,,,,,,,,,,,,,,,,,,,,,,,,,,,,,,,,,,,,,,,,,,
50,111,110,99.0,حسن الفرجاني سالم سالم,627,627,محمد عامر محمد العباني,530,530,ابوبكر احمد سعيد صالح,520,520,مصطفى ابوعجيلة الزروق ابوعجيلة,466,466,عبدالعزيز غيث عمار احمودات,448,448,محمد ابراهيم محمد العامري,410,410,سالم فرج علي كامل,327,327,فريفر ابراهيم فريفر فرج,322,322,ضو عبدالسلام ضو شفتر,317,317,مصطفى خليفة ابراهيم محمد,295,295,حاتم مختار فرحات عمر,270,270,محمد علي مفتاح الواعر,252,252,محمد فرج حسن الساعدي,193,193,اشتيوي عبدالسلام عبدالمولى اميلة,158,158,ناجي عبدالسلام علي انويجي,151,151,عبدالجواد الضاوي عبدالجواد خليل,143,143,مفتاح سالم خليفة النائض,139,139,خالد علي عون المهدي,132,132,عبدالعاطي علي البشير الحاج محمد,125,125,بناصر محمد عمر صالح,121,121,صلاح محمد المبروك المنتصر,119,119,سليمان محمد فرج الشؤيب,103,103,محمود اسماعيل المختار الازرق,98,98,وسيم علي نصر ديهوم,94,94,جمعة محمد عبدالسلام المغيربي,86,86,عبدالمنعم محمد سالم محمد,80,80,سيف النصر محمد ميلاد يونس,56,56,علي رجب ابراهيم الفرجاني,52,52,محمود العماري البشير سلامة,37,37,احمد صالح محمد هرودة,21,21,,,,,,,,,,,,,,,,,,,,,,,,,,,,,,,,,,,,,,,,,,,,,,,,,,,,,,,,,,,,,,,,,,,,,,,,,,,,,,,,,,,,,,,,,,,,,,,,,,,,,,,,,,,,,,,,,,,,,,,,,,,,,,,,,,,,,,,,,,,,,,,,,,,,,,,,,,,,,,,,,,,,,,,,,,,,,,,,,,,,,,,,,,,,,,,,,,,,,,,,,,,,,,,,,,,,,,,,,,,,,,,,,,,,,,,,,,,,,,,,,,,,,,,,,
51,70,68,97.0,عدنان فوزي محمد الشعاب,930,930,عبدالمنعم فرج علي الفقيه,621,621,فتح الله محمد المهدي ابو راس,521,521,الحسين محمد محمود عبدالصمد,453,453,السنوسي عمر مجاهد ابراهيم,403,403,توفيق سالم محمد الجروشي,391,391,ناصر علي مفتاح الخمري,381,381,عبدالسلام محمود شعبان الاسطى,318,318,مفتاح المختار عمران عز الدين,311,311,عادل عمران صالح جمعة,301,301,فتحي محمد احمد الزريبي,236,236,محمد عمران فرج المريض,214,214,محمد عمر فرج موسى,202,202,سالم علي عبدالله معيتيق,161,161,علي السائح علي انبية,161,161,نجم الدين مفتاح محمد ابو خشيم,157,157,المهدي خليفة محمد ابوطارة,146,146,شعبان عبدالسلام الزروق عبيد,132,132,عبدالفتاح عياد محمد حمزة,123,123,مخلوف خليفة عبدالسلام القندي,118,118,اسماعيل عبدالقادر عبدالحفيظ نصر,78,78,سالم المسعودي عبدالرحيم احمد,61,61,علي الزوام موسى ابوبكر,49,49,خالد محمد عبدالسلام القربازي,49,49,محمد علي الصيد العسكري,24,24,,,,,,,,,,,,,,,,,,,,,,,,,,,,,,,,,,,,,,,,,,,,,,,,,,,,,,,,,,,,,,,,,,,,,,,,,,,,,,,,,,,,,,,,,,,,,,,,,,,,,,,,,,,,,,,,,,,,,,,,,,,,,,,,,,,,,,,,,,,,,,,,,,,,,,,,,,,,,,,,,,,,,,,,,,,,,,,,,,,,,,,,,,,,,,,,,,,,,,,,,,,,,,,,,,,,,,,,,,,,,,,,,,,,,,,,,,,,,,,,,,,,,,,,,,,,,,,,,,,,,,,,
52,76,75,98.0,ابوبكر ابراهيم محمود ميلاد,1080,1080,يوسف عبدالسلام علي الفرجاني,949,949,عمر سالم بشير ابشيش,835,835,عبدالرزاق عمر عبدالله ابوسيف,517,517,عبدالسلام فرج ابراهيم يحي,411,411,خالد محمد حسين بالنور,391,391,ابراهيم خليفة جمعة المركز,364,364,ناصر عمر عبدالسلام ابوستين,346,346,ابوبكر عبدالسلام مفتاح رمضان,343,343,نورالدين محمد سالم الزائدي,314,314,ميلاد مصباح محمد جبران,240,240,عبدالله عاشور محمد المصروب,227,227,محمد رمضان عبدالسلام مجبر,155,155,فوزي عمر جمعة حسين,142,142,مفتاح محمد عبدالسلام المدهون,125,125,مفتاح محمد احمد سلامه,124,124,عبداللطيف احمد عبدالله هرام,119,119,محمد مفتاح يحي الضعيف,109,109,عبدالفتاح سالم امحمد مرشان,86,86,يوسف ابراهيم مفتاح ابوغالية,42,42,,,,,,,,,,,,,,,,,,,,,,,,,,,,,,,,,,,,,,,,,,,,,,,,,,,,,,,,,,,,,,,,,,,,,,,,,,,,,,,,,,,,,,,,,,,,,,,,,,,,,,,,,,,,,,,,,,,,,,,,,,,,,,,,,,,,,,,,,,,,,,,,,,,,,,,,,,,,,,,,,,,,,,,,,,,,,,,,,,,,,,,,,,,,,,,,,,,,,,,,,,,,,,,,,,,,,,,,,,,,,,,,,,,,,,,,,,,,,,,,,,,,,,,,,,,,,,,,,,,,,,,,,,,,,,,,,,,,,,,
53,61,59,96.0,محمد عثمان علي الشامخي,575,575,عبدالناصر الامين محمد النعاس,470,470,كمال عبدالكريم حسين الشلبي,382,382,فرج سالم علي بن غريان,321,321,عبدالمجيد ابراهيم مصطفى ابو رقيقة,293,293,علي مفتاح علي القدافي,284,284,عبدالمنعم منصور علي الحر,280,280,احمد عبدالعظيم محمد الاربد,258,258,عبدالسلام عبدالله علي ميله,196,196,ابراهيم محمد علي المعرش,192,192,محمد الطاهر عبدالسلام بن جمعة,150,150,خالد امحمد علي البكوش,134,134,محمد مصطفى محمد عطيوة,100,100,هشام جمعة صالح ابو منجل,74,74,الصديق علي محمد الردان,70,70,محمد الصغير علي الردان,51,51,محمد الامين محمد الابي,30,30,,,,,,,,,,,,,,,,,,,,,,,,,,,,,,,,,,,,,,,,,,,,,,,,,,,,,,,,,,,,,,,,,,,,,,,,,,,,,,,,,,,,,,,,,,,,,,,,,,,,,,,,,,,,,,,,,,,,,,,,,,,,,,,,,,,,,,,,,,,,,,,,,,,,,,,,,,,,,,,,,,,,,,,,,,,,,,,,,,,,,,,,,,,,,,,,,,,,,,,,,,,,,,,,,,,,,,,,,,,,,,,,,,,,,,,,,,,,,,,,,,,,,,,,,,,,,,,,,,,,,,,,,,,,,,,,,,,,,,,,,,,,,,,,
54,54,53,98.0,فتحي عبدالسلام رمضان الشريف,1021,1021,جمعة محمد علي طيطش,852,852,عبدالرحمن عبدالسلام عبدالسلام خليفة,567,567,محمد عمران محمد ابوصاع,466,466,عبدالسلام علي عبدالسلام ابوزيد,248,248,علي صالح عبدالسلام عرفه,244,244,مصطفى محمد ابوبكر رحاب,187,187,مصطفى محمد احمد امطير,140,140,معمر سليم رمضان الحسوني,66,66,سليمان حسن عمران شوبار,52,52,جمعة علي احمد جمعة,26,26,عبدالكريم موسى محمد العلوص,20,20,التومي علي الزوام المرغني,17,17,,,,,,,,,,,,,,,,,,,,,,,,,,,,,,,,,,,,,,,,,,,,,,,,,,,,,,,,,,,,,,,,,,,,,,,,,,,,,,,,,,,,,,,,,,,,,,,,,,,,,,,,,,,,,,,,,,,,,,,,,,,,,,,,,,,,,,,,,,,,,,,,,,,,,,,,,,,,,,,,,,,,,,,,,,,,,,,,,,,,,,,,,,,,,,,,,,,,,,,,,,,,,,,,,,,,,,,,,,,,,,,,,,,,,,,,,,,,,,,,,,,,,,,,,,,,,,,,,,,,,,,,,,,,,,,,,,,,,,,,,,,,,,,,,,,,,,,,,,,,
55,52,51,98.0,علي خليفة سالم الصول,855,855,محمد الصغير علي الشهبوني,740,740,علي ابو شعفة ابراهيم نتفه,515,515,سعد محمد سعد سليمان,478,478,ناصر عمار صالح المليحي,262,262,عادل مفتاح سالم القراد,237,237,محمد محمد علي احمد,139,139,فتحي محمد حسين محمد ابو سبحة,135,135,عثمان علي محمد المنتصر,130,130,معمر محمد عبدالله صالح,70,70,,,,,,,,,,,,,,,,,,,,,,,,,,,,,,,,,,,,,,,,,,,,,,,,,,,,,,,,,,,,,,,,,,,,,,,,,,,,,,,,,,,,,,,,,,,,,,,,,,,,,,,,,,,,,,,,,,,,,,,,,,,,,,,,,,,,,,,,,,,,,,,,,,,,,,,,,,,,,,,,,,,,,,,,,,,,,,,,,,,,,,,,,,,,,,,,,,,,,,,,,,,,,,,,,,,,,,,,,,,,,,,,,,,,,,,,,,,,,,,,,,,,,,,,,,,,,,,,,,,,,,,,,,,,,,,,,,,,,,,,,,,,,,,,,,,,,,,,,,,,,,,,,,,,,
56,122,120,98.0,الصادق علي محمد الكحيلي,1573,1573,ابو الخير الشعاب محمد بالخير,1349,1349,خالد علي محمد الاسطى,1163,1163,صالح محمد احمد القاضي,1114,1114,عبدالحليم محمد علي ابوظهير,994,994,حسن محمد عمر عماره,960,960,نضال نوري سالم الغندوري,881,881,عياد حسن حسين عريبي,759,759,علي محمد علي بن راشد,688,688,عبدالهادي عبدالله باكير طريش,620,620,محمد منصور ابراهيم الشريف,612,612,محمود احمد غيث مروان,340,340,العربي محمد العربي بالخير,302,302,عبداللطيف عبدالسلام محمد العالم,298,298,اسماعيل علي رمضان ماطوس,292,292,محمد جمعة ابراهيم القاضي,273,273,احميده خليفة محمد العماري,179,179,طارق الطاهر عبدالله النعاس,48,48,,,,,,,,,,,,,,,,,,,,,,,,,,,,,,,,,,,,,,,,,,,,,,,,,,,,,,,,,,,,,,,,,,,,,,,,,,,,,,,,,,,,,,,,,,,,,,,,,,,,,,,,,,,,,,,,,,,,,,,,,,,,,,,,,,,,,,,,,,,,,,,,,,,,,,,,,,,,,,,,,,,,,,,,,,,,,,,,,,,,,,,,,,,,,,,,,,,,,,,,,,,,,,,,,,,,,,,,,,,,,,,,,,,,,,,,,,,,,,,,,,,,,,,,,,,,,,,,,,,,,,,,,,,,,,,,,,,,,,,,,,,,,
57,215,211,98.0,مصطفى ابوشاقور غيث ابوشاقور,14045,14045,لؤي محمد نجيب الفيتوري الغاوي,1869,1869,الصديق مفتاح رمضان حمودة,1482,1482,محمد مصطفى ابو صاع راشد,1329,1329,عادل عبدالله احمد رمضان,1029,1029,عادل محمد احمد شلتوت,865,865,البهلول ابرهيم محمد صفر,706,706,عبدالرحمن عبدالله عبدالله برقان,631,631,بشير محمد بشير رجوبة,558,558,محمود عبدالله خليفة الشريف,544,544,عبدالمنعم علي محمد حريشه,492,492,عبدالرحمن البهلول عمر الجطلاوي,450,450,ناجي احمد ابراهيم المقريف,413,413,علي جمعة علي سعيد,409,409,رياض الطاهر محمد بيرام,365,365,الضاوي محمد الصغير ابراهيم,315,315,محمد الهادي محمد الحتواش,307,307,فوزي امحمد حميدة ددش,281,281,البشير المرغني ميلاد ارحومه,251,251,علي شعبان محمد الجدي العاقل,240,240,علي مفتاح سالم نوحه,238,238,عبدالسلام علي رمضان عاشور,220,220,محمد يوسف يوسف قدور,205,205,خالد وجدي رمضان المسلاتي,186,186,خيري علي خيري اغا,175,175,انور مفتاح احميدة بنور,169,169,يوسف عبدالمجيد الصادق مادي,155,155,عبدالله الهادي ابراهيم بكره,149,149,الصيد ابراهيم الصيد قدوره,137,137,محمود فرج مصباح دورو,107,107,عبدالمنعم عياد احمد ابو قرين,101,101,عادل الهادي احمد الحجاجي,66,66,محمد الطاهر الصادق حسن,27,27,,,,,,,,,,,,,,,,,,,,,,,,,,,,,,,,,,,,,,,,,,,,,,,,,,,,,,,,,,,,,,,,,,,,,,,,,,,,,,,,,,,,,,,,,,,,,,,,,,,,,,,,,,,,,,,,,,,,,,,,,,,,,,,,,,,,,,,,,,,,,,,,,,,,,,,,,,,,,,,,,,,,,,,,,,,,,,,,,,,,,,,,,,,,,,,,,,,,,,,,,,,,,,,,,,,,,,,,,,,,,,,,,,,,,,,,,,,,,,,,
58,170,168,98.0,حمودة احمد حمودة سيالة,5974,5974,علي عمر ابوالقاسم التكبالي,4420,4420,عبدالرزاق مفتاح علي مشيرب,3077,3077,عبدالرؤوف علي مختار البيباص,1929,1929,عبدالرزاق رمضان علي شبشابه,1068,1068,عبدالوهاب حسن علي الكيب,1025,1025,عماد علي عمر الفرجاني,795,795,عادل احمد عبدالله جبعور,677,677,عبدالله امحمد سالم محمد,598,598,هيثم   محمد صلاح الدين عبدالحفيظ الكيب,470,470,عرفات البهلول عمر القحطار,372,372,الطاهر علي فتحي الطاهر بشير,331,331,حمدي امحمد محمد الفطيسي,320,320,محمد عبدالله محمد الشريف,280,280,رمضان بلقاسم رمضان بن الحاج,279,279,ملا احمد محرم محمد الخوجة,239,239,الطاهر فتحي الطاهر افتيتة,217,217,عبدالعاطي محمد عبدالرحمن محمد الويفاتي,190,190,محمد بشير بشير بن عثمان,184,184,جمال الصادق خليفة حريشة,171,171,محمد البشير علي بن راشد,168,168,يوسف سالم رمضان بن حامد,162,162,اسامة محمد علي التائب,158,158,حسن الصادق الطيب المصراتي,136,136,احمد الشروي طالب بن طالب,130,130,صلاح خليفة خليل العمامي,122,122,علي المرغني محمد البوتيلي,119,119,مسعود محمد مسعود ابوجبهه,104,104,,,,,,,,,,,,,,,,,,,,,,,,,,,,,,,,,,,,,,,,,,,,,,,,,,,,,,,,,,,,,,,,,,,,,,,,,,,,,,,,,,,,,,,,,,,,,,,,,,,,,,,,,,,,,,,,,,,,,,,,,,,,,,,,,,,,,,,,,,,,,,,,,,,,,,,,,,,,,,,,,,,,,,,,,,,,,,,,,,,,,,,,,,,,,,,,,,,,,,,,,,,,,,,,,,,,,,,,,,,,,,,,,,,,,,,,,,,,,,,,,,,,,,,,,,,,,,,
59,172,168,97.0,فائز مصطفى فوزي السراج,3763,3763,علي رحومة محمد السباعي,2737,2737,مصعب محمد العابد ابوالقاسم,2603,2603,انيس علي سالم عون,1083,1083,خالد بالقاسم الطيب الشارف,740,740,عبدالرزاق ابوخريص عيسى ابوكراع,654,654,محمد حسين احمد قشوط,632,632,محمود سلطان امبارك الوهج,510,510,علي خليفة علي العصادي,500,500,سعيد صالح امين كله,496,496,خالد محمود عمر اوحيدة,353,353,علي محمد عباس خلف الله,351,351,ايمن صالح عبدالقادر ابوزيد,313,313,صلاح عبدالله علي الككلي,312,312,نعمان محفوظ محمد الشيخ,303,303,الهادي ميلود عبدالقادر الثليب,256,256,محمود محمد الهادي الدئب,248,248,عبد الله علي محمد الرجباني,244,244,المعز مصطفى محمد بن اسماعيل,240,240,عادل محمد شكري احمد شاهين,232,232,محمد مصطفى محمد القريتلي,227,227,جمال الطاهر ابراهيم القمودي,216,216,سليمان علي عمرو الحماصي,215,215,عبدالغني عبدالكريم محمد برقناب,212,212,ابراهيم علي محمد قنبيج,198,198,عبدالحميد بلال محمد دنه,181,181,عبدالله محمد خليفة الطالبي,161,161,عصام محمد امحمد سريبة,160,160,محمد ميلود جمعة الشابع,139,139,ايمن البشير رحيم عبدالله,130,130,عبدالكبير عطية عبدالكبير الطيف,128,128,محمد الهادي العربي المجدوب,105,105,يوسف عيسى احمد البكوش,100,100,صالح محمد خليفة الصيد,96,96,رمضان مسعود محمد السائح,95,95,محمد احمد احمد محمد,92,92,صفوان خليفة علي سليمان,87,87,خيري نصر محمد ادريس,80,80,سليمان المولدي سليمان العكروت,64,64,خالد فرج محمد سلامة,62,62,الصادق احمد عبدالله عبدالقادر,58,58,نبيل يوسف احمد مانه,46,46,خالد احمد امحمد البجاحي,35,35,نورالدين محمد امحمد صوان,33,33,,,,,,,,,,,,,,,,,,,,,,,,,,,,,,,,,,,,,,,,,,,,,,,,,,,,,,,,,,,,,,,,,,,,,,,,,,,,,,,,,,,,,,,,,,,,,,,,,,,,,,,,,,,,,,,,,,,,,,,,,,,,,,,,,,,,,,,,,,,,,,,,,,,,,,,,,,,,,,,,,,,,,,,,,,,,,,,,,,,,,,,,,,,,,,,,,,,,,,,,,,,,,,,
60,111,106,95.0,ايمن المبروك محمد سيف النصر,1258,1258,صالحين الهدوي ابو حميره الشقمان,1126,1126,عبدالواحد عمار عاشور القاضي,1068,1068,علي احمد علي الهمالي,1009,1009,يوسف ميلود خليفة ابوزكري,929,929,بشير علي سعد الاحمر,849,849,اسامة عبدالجليل احمد عبدالهادي,753,753,علاءالدين مفتاح محمود الفاندي,719,719,محمد مسعود محمود السويح,525,525,احمد الهادي احمد قداد,487,487,عبداللطيف علي الشتيوي سحبون,439,439,الهادي محمد عمر شلوف,415,415,فاضل صالح موسى كعبر,410,410,العماري محمد عمر سعيد,359,359,فتحي ابوجعفر سالم موسى,340,340,ايمن محمد مسعود مسعود,226,226,اسامة سعيد بشير شداد,173,173,جعفر عبدالجليل انيس التائب,169,169,فرج ابراهيم مفتاح الزوبيك,156,156,ضو سالم صالح الهوش,150,150,محمد رمضان عياد التومي,129,129,كمال عبدالحميد عبدالله الهرامة,97,97,خيري محمد الحراري الشيباني,90,90,محمد عومر مسعود الابيض,66,66,عصام علي احمد عكاشة,62,62,محمود مصباح حامد اعبان,46,46,احمد سالم محمد قنيدي,36,36,وليد عبدالمؤمن الهادي خالد,36,36,,,,,,,,,,,,,,,,,,,,,,,,,,,,,,,,,,,,,,,,,,,,,,,,,,,,,,,,,,,,,,,,,,,,,,,,,,,,,,,,,,,,,,,,,,,,,,,,,,,,,,,,,,,,,,,,,,,,,,,,,,,,,,,,,,,,,,,,,,,,,,,,,,,,,,,,,,,,,,,,,,,,,,,,,,,,,,,,,,,,,,,,,,,,,,,,,,,,,,,,,,,,,,,,,,,,,,,,,,,,,,,,,,,,,,,,,,,,,,,,,,,,,,,,,,,,,,,
61,126,125,99.0,سعد المريمي الهاشمي المريمي,2239,2239,عبدالرؤوف ابراهيم علي المناعي,1173,1173,طارق عبدالله محمد الاشتر,854,854,محمد امبارك صميده الورشفاني,760,760,محمد الصادق سالم احمد,457,457,ضرار محمد خليفة بركة,453,453,اكرم عبدالوهاب محمد المصري,427,427,احمد عبدالقادر احمد فرحات,399,399,رشيد علي الميهوب الميهوب,317,317,مصطفى حسين ابوبكر الخازمي,302,302,عبدالحميد رمضان المبروك تاكيلة,300,300,خليفة علي عمر دياب,262,262,محمد خليفة ضو اللافي,210,210,مفتاح محمود منصور الطويل,194,194,الهادي احمد علي ابوعجيلة,189,189,رضوان المنتصر محمد البكوش,179,179,عبدالله عبدالعزيز ميلاد حسن,173,173,مجدي عمر عبدالحميد الصيد,142,142,فتحي محمد احمد كروان,129,129,نورالدين فرج الجميل ميلاد,122,122,سمير عبدالحميد علي الورفلي,106,106,ابوبكر عيسى عبدالرحمن خليفة,102,102,ابراهيم محمد النور الدريحو,101,101,عبدالحكيم عامر محمد بن صالح,77,77,محمد عمرو عبدالنبي شوران,56,56,,,,,,,,,,,,,,,,,,,,,,,,,,,,,,,,,,,,,,,,,,,,,,,,,,,,,,,,,,,,,,,,,,,,,,,,,,,,,,,,,,,,,,,,,,,,,,,,,,,,,,,,,,,,,,,,,,,,,,,,,,,,,,,,,,,,,,,,,,,,,,,,,,,,,,,,,,,,,,,,,,,,,,,,,,,,,,,,,,,,,,,,,,,,,,,,,,,,,,,,,,,,,,,,,,,,,,,,,,,,,,,,,,,,,,,,,,,,,,,,,,,,,,,,,,,,,,,,,,,,,,,,
62,103,102,99.0,عبدالناصر بشير عبدالسلام بن نافع,923,923,علي احمد علي التكالي,673,673,اسامة فرج محمد الشعافي,643,643,عبدالرحمن منصور محمد احمد,607,607,خالد محمد سالم سلامة,561,561,ناجي ابراهيم محمد جابر,520,520,ابراهيم محمد علي القيادي,407,407,عبدالباسط محمود محمد عبيد,351,351,سالم مسعود سالم التائب,342,342,سالم محمد محفوظ الدبسكي,336,336,فرج محمد سالم خليفة,324,324,محمد هاني عبدالحميد الهادي الخوجة,322,322,صالح مصباح علي النعمي,319,319,يوسف الهادي احمد السعداوي,294,294,عبدالسلام محمد عبدالسلام الراجحي,260,260,محمد نوري سليمان محمد البرغوثي,247,247,عبدالحكيم محمد المختار عبدالله,242,242,صلاح الدين ابوشعالة احمد المدني,169,169,عصام الزوام محمد همل,162,162,محمد احمد محمد المدني,157,157,حسن خليفة سالم الدويب,146,146,خليل الصادق جمعة هروس,134,134,عدنان خليفة مختار قريمة,117,117,ناصر محفوظ عبدالله ضياف,117,117,عبدالله عبدالسلام سالم ابونعجة,76,76,,,,,,,,,,,,,,,,,,,,,,,,,,,,,,,,,,,,,,,,,,,,,,,,,,,,,,,,,,,,,,,,,,,,,,,,,,,,,,,,,,,,,,,,,,,,,,,,,,,,,,,,,,,,,,,,,,,,,,,,,,,,,,,,,,,,,,,,,,,,,,,,,,,,,,,,,,,,,,,,,,,,,,,,,,,,,,,,,,,,,,,,,,,,,,,,,,,,,,,,,,,,,,,,,,,,,,,,,,,,,,,,,,,,,,,,,,,,,,,,,,,,,,,,,,,,,,,,,,,,,,,,
63,62,61,98.0,عمر علي العجيلي تنتوش,958,958,علي فرج سعيد برزيق,703,703,كمال مفتاح احمد اللافي,504,504,انور المختار بشير بلعيد,488,488,باسم الشارف المبروك الكردي,478,478,خالد مفتاح علي الاسود,440,440,محمد منصور ابراهيم الزحاف,382,382,عادل الصويعي محمد الصويعي,370,370,خليفة مسعود الذيب الذيب,308,308,وليد ابوزيان المختار ابوزيان,277,277,محمد العارف ابوجعفر موسى,271,271,ابوالقاسم علي ابوالقاسم الجعيدي,184,184,,,,,,,,,,,,,,,,,,,,,,,,,,,,,,,,,,,,,,,,,,,,,,,,,,,,,,,,,,,,,,,,,,,,,,,,,,,,,,,,,,,,,,,,,,,,,,,,,,,,,,,,,,,,,,,,,,,,,,,,,,,,,,,,,,,,,,,,,,,,,,,,,,,,,,,,,,,,,,,,,,,,,,,,,,,,,,,,,,,,,,,,,,,,,,,,,,,,,,,,,,,,,,,,,,,,,,,,,,,,,,,,,,,,,,,,,,,,,,,,,,,,,,,,,,,,,,,,,,,,,,,,,,,,,,,,,,,,,,,,,,,,,,,,,,,,,,,,,,,,,,,
64,52,51,98.0,مصباح ميلود احمد البدوي,1315,1315,جمعة الصويعي السائح الطيف,1255,1255,المبروك بلقاسم عبدالسلام الرقيق,612,612,عبدالكريم ميلود خليفة عبدالمولى,66,66,عبدالباسط علي ابوعائشة صوان,45,45,,,,,,,,,,,,,,,,,,,,,,,,,,,,,,,,,,,,,,,,,,,,,,,,,,,,,,,,,,,,,,,,,,,,,,,,,,,,,,,,,,,,,,,,,,,,,,,,,,,,,,,,,,,,,,,,,,,,,,,,,,,,,,,,,,,,,,,,,,,,,,,,,,,,,,,,,,,,,,,,,,,,,,,,,,,,,,,,,,,,,,,,,,,,,,,,,,,,,,,,,,,,,,,,,,,,,,,,,,,,,,,,,,,,,,,,,,,,,,,,,,,,,,,,,,,,,,,,,,,,,,,,,,,,,,,,,,,,,,,,,,,,,,,,,,,,,,,,,,,,,,,,,,,,,,,,,,,,,,,,,,,,
65,62,59,95.0,نبيل سعد سعد عون,1062,1062,علي محمد حسين كشير,832,832,المرغني عبدالنبي جمعة البحري,609,609,رمضان خليفة ميلود غريبي,591,591,سالم عبدالله فرج ابوحلالة,491,491,جمال صالح امحمد لطيف,404,404,عبدالباسط امحمد محمد ابولائحة,282,282,رضوان امحمد المختار حمربطان,183,183,احمد المبروك مصطفى الشاوش,162,162,مصباح منصور رمضان المغربي,148,148,عصام سالم محمد بيوض,129,129,صالح الهادي صالح المغربي,49,49,,,,,,,,,,,,,,,,,,,,,,,,,,,,,,,,,,,,,,,,,,,,,,,,,,,,,,,,,,,,,,,,,,,,,,,,,,,,,,,,,,,,,,,,,,,,,,,,,,,,,,,,,,,,,,,,,,,,,,,,,,,,,,,,,,,,,,,,,,,,,,,,,,,,,,,,,,,,,,,,,,,,,,,,,,,,,,,,,,,,,,,,,,,,,,,,,,,,,,,,,,,,,,,,,,,,,,,,,,,,,,,,,,,,,,,,,,,,,,,,,,,,,,,,,,,,,,,,,,,,,,,,,,,,,,,,,,,,,,,,,,,,,,,,,,,,,,,,,,,,,,,
66,62,61,98.0,عزالدين مصباح ابوراوي ابوراوي,872,872,مفتاح عامر الهادي سيف النصر,859,859,احمد المهدي المنصوري ابوقرين,683,683,اسامة محمد الهادي ابوكرازة,661,661,علي منصور علي ادم,546,546,راشيد ابوعجيلة عبدالله عاشور,500,500,عاشور موسى محمد موسى,247,247,حسام الشارف محمد الكماشي,213,213,عماد الدين المهدي عمار قدقود,70,70,,,,,,,,,,,,,,,,,,,,,,,,,,,,,,,,,,,,,,,,,,,,,,,,,,,,,,,,,,,,,,,,,,,,,,,,,,,,,,,,,,,,,,,,,,,,,,,,,,,,,,,,,,,,,,,,,,,,,,,,,,,,,,,,,,,,,,,,,,,,,,,,,,,,,,,,,,,,,,,,,,,,,,,,,,,,,,,,,,,,,,,,,,,,,,,,,,,,,,,,,,,,,,,,,,,,,,,,,,,,,,,,,,,,,,,,,,,,,,,,,,,,,,,,,,,,,,,,,,,,,,,,,,,,,,,,,,,,,,,,,,,,,,,,,,,,,,,,,,,,,,,,,,,,,,,,
67,83,81,97.0,الصادق محمد مصباح ادريس,2306,2306,محمد بشير سعد الفيرس,2141,2141,مروان امحمد ميلاد المزوغي,567,567,ناصر علي منصور شنب,413,413,محمد فرج محمد الكبير,411,411,راشد مصباح عامر البرغوث,388,388,هدية محمد جمعة عبيد,289,289,مختار رمضان مختار هامان,275,275,عبدالله محمد عبدالله الكبير,234,234,عبدالغني محمد جمعة الذيب,90,90,,,,,,,,,,,,,,,,,,,,,,,,,,,,,,,,,,,,,,,,,,,,,,,,,,,,,,,,,,,,,,,,,,,,,,,,,,,,,,,,,,,,,,,,,,,,,,,,,,,,,,,,,,,,,,,,,,,,,,,,,,,,,,,,,,,,,,,,,,,,,,,,,,,,,,,,,,,,,,,,,,,,,,,,,,,,,,,,,,,,,,,,,,,,,,,,,,,,,,,,,,,,,,,,,,,,,,,,,,,,,,,,,,,,,,,,,,,,,,,,,,,,,,,,,,,,,,,,,,,,,,,,,,,,,,,,,,,,,,,,,,,,,,,,,,,,,,,,,,,,,,,,,,,,,
68,83,82,98.0,علي مفتاح عمر المجدوب,1241,1241,عاشور فرج عمر نصير,927,927,عمار مفتاح الزرقاني البصير,712,712,مفتاح محمد مفتاح سيف النصر,618,618,رمضان سالم الصيد الغضوي,604,604,سليمان ابراهيم عمر المخرم,386,386,سالم محمد امحمد التومي,269,269,عبدالمنتصر مصباح عمر شلاكة,219,219,محمود ابراهيم علي اسكيليح,201,201,عبدالباسط صالح محمد العباني,193,193,الصديق عمران امحمد الرقيق,180,180,خليفة محمد علي التقازي,155,155,حسين عامر البحري مرسيط,151,151,علي مختار مسعود السائح,130,130,ابراهيم امحمد محمد ابوكليش,122,122,منير احمد عبدالسلام المخرم,42,42,محمد امحمد محمد شليبك,9,9,,,,,,,,,,,,,,,,,,,,,,,,,,,,,,,,,,,,,,,,,,,,,,,,,,,,,,,,,,,,,,,,,,,,,,,,,,,,,,,,,,,,,,,,,,,,,,,,,,,,,,,,,,,,,,,,,,,,,,,,,,,,,,,,,,,,,,,,,,,,,,,,,,,,,,,,,,,,,,,,,,,,,,,,,,,,,,,,,,,,,,,,,,,,,,,,,,,,,,,,,,,,,,,,,,,,,,,,,,,,,,,,,,,,,,,,,,,,,,,,,,,,,,,,,,,,,,,,,,,,,,,,,,,,,,,,,,,,,,,,,,,,,,,,
69,206,195,94.0,محمد الفيتوري محمد الحنيش,2204,2204,علي محمد حسن ابوزريبة,1940,1940,عمارة علي حسن شنبارو,1776,1776,امحمد علي بلقاسم شعيب,1278,1278,سالم  مسعود  احمد  قنيدي,1222,1222,عبدالنبي البشير ابوالقاسم عبدالمولى,899,899,عبدالله حسين عبدالله اللافي,844,844,عمر حسين علي الخذراوي,840,840,عبدالغفار الطاهر حمد كرفاع,790,790,المختار الصغير محمد الدوكالي,748,748,فوزي احمد محمد شبح,728,728,حسن الهادي محمد هويسه,627,627,الحجاج المختار الامين قباصة,620,620,صلاح ابوالقاسم مصباح خشيبة,487,487,حسين العجيلي محمد المغيربي,482,482,ابوالقاسم محمد علي شيوه,445,445,عمران عمر محمد حمودة,434,434,الطيب الصويعي ابوعجيلة عاشور,429,429,ناصر صدقي محمد الهنقاري,415,415,علي حسن علي الحرم,410,410,ابراهيم احمد الجيلاني الحاج,395,395,عبدالحكيم معروف محمد كريمة,390,390,عبدالسلام ابوالقاسم احمد البلعزي,380,380,عماد عبدالحفيظ المختار المشاط,377,377,طارق علي الطاهر حدود,370,370,محمد خليفه ابوالقاسم جلبوب,370,370,البشير الكامل علي الاحول,359,359,المبروك محمد محمد شلادي,338,338,احمد الطاهر احمد همومه,336,336,مصطفى الطيب عبدالسلام ابوتيته,315,315,مجدي فتحي المختار نصرات,313,313,حسين المبروك امحمد منصور,302,302,المبروك محمد امطير الشيباني,299,299,لطفي مولود المنصر المنصر,292,292,نبيل علي العربي دراء,283,283,عبدالحكيم احمد علي اوحيده,283,283,شكري الكوني احمد قطران,264,264,عبداللطيف البشير عبدالقادر التونسي,260,260,محمد مصطفى الصغير اللافي,245,245,فتحي الهادي علي محمد,228,228,عبدالرحمن المختار مسعود كشاده,224,224,محمد التوهامي الطاهر سعيد,218,218,جعفر رمضان محمد هدهود,217,217,محمد احمد محمد المحمودي,208,208,اشرف محمد مولود امليش,207,207,نوري محمد مسعود معيميد,195,195,مصطفى الغضبان محمد الغويل,187,187,مصطفى البشير الطاهر المنتصر,187,187,البشير مصطفى عبدالله المعلول,173,173,محمد عبدالله امحمد حسن,151,151,عبدالله رحومة عبدالله ابراهيم,151,151,عياد السيد محمد سعيد,147,147,محمد ساسي امحمد الحراري,132,132,البشير محمد عون اللافي,124,124,ابوبكر محمد علي السوداني,109,109,البشير صالح محمد حماد,96,96,الصادق عبدالحميد نصر السائح,95,95,الهاشمي محمود الهاشمي دخيل,87,87,شعبان نصر المبروك الاسطى,80,80,ابوعجيلة زيد ابوالقاسم شتاوه,77,77,عبدالعاطي خليفة سالم المقوز,76,76,عبدالله البشير الشيباني الاسود,63,63,عبدالحفيظ علي مولود نزها,54,54,مصطفى صالح علي قديم,50,50,ناجي احمد سالم بشير,43,43,جابر عبدالمجيد علي الغائب,25,25,عبدالرزاق علي مولود خنشوش,18,18,محمود محمد عبدالمجيد اجليل,17,17,الحراري رجب احمد الحشاني,17,17,حسين مصطفى علي الاطرش,8,8,,,,,,,,,,,,,,,,,,,,,,,,,,,,,,,,,,,,,,,,,,,,,,,,,,,,,,,,,,,,,,,,,,,,,,,,,,,,,,,,,,,,,,,,,,,,,,,,,,,,,,,,,,,,,,,,,,,,,,,,,,,,,,,,,
70,72,68,94.0,المبروك عبدالله منصور الكبير,738,738,فرج بشير بلقاسم عبدالملك,733,733,الطاهر المبروك عيسى الدوادي,516,516,مفتاح علي مفتاح الفقي,511,511,حسين محمد ابوالقاسم سويد,392,392,عبدالرحمن عمر الدوادي الحمودي,382,382,عبدالمجيد عبدالله محمد الخطابي,336,336,علي الطاهر عبدالله ابوالقاسم,296,296,محمد نصر المبروك الحريزي,237,237,حمزة الطاهر حسن امسلم,191,191,عبدالحكيم سليمان احمد الكواش,174,174,الصادق مولود مصباح المدهوني,130,130,معمر محمد احمد بركه,125,125,عبدالكريم سالم عمر عيسى,66,66,المبروك خير سعد خير,54,54,,,,,,,,,,,,,,,,,,,,,,,,,,,,,,,,,,,,,,,,,,,,,,,,,,,,,,,,,,,,,,,,,,,,,,,,,,,,,,,,,,,,,,,,,,,,,,,,,,,,,,,,,,,,,,,,,,,,,,,,,,,,,,,,,,,,,,,,,,,,,,,,,,,,,,,,,,,,,,,,,,,,,,,,,,,,,,,,,,,,,,,,,,,,,,,,,,,,,,,,,,,,,,,,,,,,,,,,,,,,,,,,,,,,,,,,,,,,,,,,,,,,,,,,,,,,,,,,,,,,,,,,,,,,,,,,,,,,,,,,,,,,,,,,,,,,,,
71,72,71,98.0,عبدالمنعم عمار سعد بالكور,1299,1299,عادل مولود مفتاح محفوظ,770,770,شفيق مسعود خليفه الاطرش,497,497,مفتاح خليفة مصباح عروة,355,355,محسن شعبان احمد المبروك,348,348,فرج عمران البي شليبك,290,290,فرج عبدالله سعد غرودة,207,207,محمد عمر الشيباني شاماكه,185,185,عبدالحكيم مفتاح عمار السائح,147,147,سالم محمد علي بالربيعه,104,104,المبروك ضو احمد ابراهيم,94,94,خالد ابوالقاسم مولود الصويعي,81,81,,,,,,,,,,,,,,,,,,,,,,,,,,,,,,,,,,,,,,,,,,,,,,,,,,,,,,,,,,,,,,,,,,,,,,,,,,,,,,,,,,,,,,,,,,,,,,,,,,,,,,,,,,,,,,,,,,,,,,,,,,,,,,,,,,,,,,,,,,,,,,,,,,,,,,,,,,,,,,,,,,,,,,,,,,,,,,,,,,,,,,,,,,,,,,,,,,,,,,,,,,,,,,,,,,,,,,,,,,,,,,,,,,,,,,,,,,,,,,,,,,,,,,,,,,,,,,,,,,,,,,,,,,,,,,,,,,,,,,,,,,,,,,,,,,,,,,,,,,,,,,,
72,67,64,95.0,فوزي الطاهر رحومة النويري,1398,1398,عون خليفة المبروك الواسع,1022,1022,الهادي امحمد علي العطاب,650,650,الهادي عبدالسلام عمر عبدالله,529,529,منصور خليفة الصويعي رحومة,410,410,عبدالمولى رمضان الفيتوري انتيشة,405,405,عبدالحليم عبدالغني حسين بلقاسم,363,363,سعيد فرج محمد عاشور,211,211,ادهم مصطفى محمد بن حسن المحجوبي,111,111,علي ابوالقاسم علي ابوفصيكه,19,19,,,,,,,,,,,,,,,,,,,,,,,,,,,,,,,,,,,,,,,,,,,,,,,,,,,,,,,,,,,,,,,,,,,,,,,,,,,,,,,,,,,,,,,,,,,,,,,,,,,,,,,,,,,,,,,,,,,,,,,,,,,,,,,,,,,,,,,,,,,,,,,,,,,,,,,,,,,,,,,,,,,,,,,,,,,,,,,,,,,,,,,,,,,,,,,,,,,,,,,,,,,,,,,,,,,,,,,,,,,,,,,,,,,,,,,,,,,,,,,,,,,,,,,,,,,,,,,,,,,,,,,,,,,,,,,,,,,,,,,,,,,,,,,,,,,,,,,,,,,,,,,,,,,,,
73,0,9468,0,,,,,,,,,,,,,,,,,,,,,,,,,,,,,,,,,,,,,,,,,,,,,,,,,,,,,,,,,,,,,,,,,,,,,,,,,,,,,,,,,,,,,,,,,,,,,,,,,,,,,,,,,,,,,,,,,,,,,,,,,,,,,,,,,,,,,,,,,,,,,,,,,,,,,,,,,,,,,,,,,,,,,,,,,,,,,,,,,,,,,,,,,,,,,,,,,,,,,,,,,,,,,,,,,,,,,,,,,,,,,,,,,,,,,,,,,,,,,,,,,,,,,,,,,,,,,,,,,,,,,,,,,,,,,,,,,,,,,,,,,,,,,,,,,,,,,,,,,,,,,,,,,,,,,,,,,,,,,,,,,,,,,,,,,,,,,,,,,,,
74,70,22,31.0,المبروك الهادي علي منصور,3,3,امحمد حسين امحمد راجح,1,1,عبدالفتاح الهادي العربي راجح,0,0,امحمد محمد خليفة احنيش,0,0,سليمان المبروك عبدالله الحاج,0,0,وسام البغدادي علي الخترشي,0,0,ابوزيد ابوالقاسم امبيه التويجر,0,0,مصطفى مسعود مفتاح غرداية,0,0,علي مصباح محمد الوحيشي,0,0,محمد سعيد سالم كعال,0,0,محمد بشير صالح امبية,0,0,علي احمد علي المبروك,0,0,عبدالله مصباح عمر الحناشي,0,0,فتحي ابوالقاسم علي كشيم,0,0,خالد امحمد علي الفالي,0,0,يوسف الطاهر علي الطبيب,0,0,صالح سالم احمد ابوشنقوره,0,0,محمد الناصر محمد التريكي,0,0,محمود البشير منصور دله,0,0,,,,,,,,,,,,,,,,,,,,,,,,,,,,,,,,,,,,,,,,,,,,,,,,,,,,,,,,,,,,,,,,,,,,,,,,,,,,,,,,,,,,,,,,,,,,,,,,,,,,,,,,,,,,,,,,,,,,,,,,,,,,,,,,,,,,,,,,,,,,,,,,,,,,,,,,,,,,,,,,,,,,,,,,,,,,,,,,,,,,,,,,,,,,,,,,,,,,,,,,,,,,,,,,,,,,,,,,,,,,,,,,,,,,,,,,,,,,,,,,,,,,,,,,,,,,,,,,,,,,,,,,,,,,,,,,,,,,,,,,,,
75,54,48,88.0,مولود ابوالقاسم محمد الاسود,642,642,عبدالحكيم مسعود المبروك ابودربالة,543,543,عبدالله عبدالعزيز عبدالله التقاز,233,233,علاءالدين ابراهيم ابوالقاسم الطرياق,214,214,محمود عماره المبروك خليفة,208,208,عطية رحومة علي الزوام,177,177,عبدالناصر نوري الفيتوري صليصل,174,174,عزالدين خليفة صالح ابوالعيون,169,169,مراد علي امحمد صوان,101,101,عبدالسلام امحمد علي الصويعي,94,94,محمد حسني ابوصبيع حرب,88,88,ابراهيم سالم نصر مقس,78,78,فوزي امحمد محمد دقرم,67,67,مسعود خليفة رحومة التقاز,65,65,مصطفى امحمد الصغير القدر,59,59,سالم محمد عمر الوريث,18,18,محمد احمد ابراهيم زقابه,9,9,عادل مسعود محمد سوف,7,7,احمد علي احمد ابورتيمة,4,4,,,,,,,,,,,,,,,,,,,,,,,,,,,,,,,,,,,,,,,,,,,,,,,,,,,,,,,,,,,,,,,,,,,,,,,,,,,,,,,,,,,,,,,,,,,,,,,,,,,,,,,,,,,,,,,,,,,,,,,,,,,,,,,,,,,,,,,,,,,,,,,,,,,,,,,,,,,,,,,,,,,,,,,,,,,,,,,,,,,,,,,,,,,,,,,,,,,,,,,,,,,,,,,,,,,,,,,,,,,,,,,,,,,,,,,,,,,,,,,,,,,,,,,,,,,,,,,,,,,,,,,,,,,,,,,,,,,,,,,,,,
76,81,78,96.0,منى ادم داوود الغيثي,2416,2416,اميره المبروك عوض حمد,2109,2109,سلمى ابراهيم وافي ادم,1550,1550,,,,,,,,,,,,,,,,,,,,,,,,,,,,,,,,,,,,,,,,,,,,,,,,,,,,,,,,,,,,,,,,,,,,,,,,,,,,,,,,,,,,,,,,,,,,,,,,,,,,,,,,,,,,,,,,,,,,,,,,,,,,,,,,,,,,,,,,,,,,,,,,,,,,,,,,,,,,,,,,,,,,,,,,,,,,,,,,,,,,,,,,,,,,,,,,,,,,,,,,,,,,,,,,,,,,,,,,,,,,,,,,,,,,,,,,,,,,,,,,,,,,,,,,,,,,,,,,,,,,,,,,,,,,,,,,,,,,,,,,,,,,,,,,,,,,,,,,,,,,,,,,,,,,,,,,,,,,,,,,,,,,,,,,,,
77,87,47,54.0,انتصار مصطفى المهدي شنيب,2373,2373,,,,,,,,,,,,,,,,,,,,,,,,,,,,,,,,,,,,,,,,,,,,,,,,,,,,,,,,,,,,,,,,,,,,,,,,,,,,,,,,,,,,,,,,,,,,,,,,,,,,,,,,,,,,,,,,,,,,,,,,,,,,,,,,,,,,,,,,,,,,,,,,,,,,,,,,,,,,,,,,,,,,,,,,,,,,,,,,,,,,,,,,,,,,,,,,,,,,,,,,,,,,,,,,,,,,,,,,,,,,,,,,,,,,,,,,,,,,,,,,,,,,,,,,,,,,,,,,,,,,,,,,,,,,,,,,,,,,,,,,,,,,,,,,,,,,,,,,,,,,,,,,,,,,,,,,,,,,,,,,,,,,,,,,,,,,,,,,
78,266,262,98.0,سلطنة مسعود بوبكر عبدالرحيم,5840,5840,انتصار حسن محمد خليل,4615,4615,نوارة فرج علي حامد العبيدي,3487,3487,حميدة فتحي محمد محمود الهتش,3089,3089,اسماء عبدالله سعد موسى,2661,2661,فتحية رمضان علي محمد العوامي,2637,2637,ياسمين محمد عبدالله ادهيويش,1479,1479,,,,,,,,,,,,,,,,,,,,,,,,,,,,,,,,,,,,,,,,,,,,,,,,,,,,,,,,,,,,,,,,,,,,,,,,,,,,,,,,,,,,,,,,,,,,,,,,,,,,,,,,,,,,,,,,,,,,,,,,,,,,,,,,,,,,,,,,,,,,,,,,,,,,,,,,,,,,,,,,,,,,,,,,,,,,,,,,,,,,,,,,,,,,,,,,,,,,,,,,,,,,,,,,,,,,,,,,,,,,,,,,,,,,,,,,,,,,,,,,,,,,,,,,,,,,,,,,,,,,,,,,,,,,,,,,,,,,,,,,,,,,,,,,,,,,,,,,,,,,,,,,,,,,,,,,,,,,,,
79,72,68,94.0,رابحة عبدالسلام علي الفرجاني,3242,3242,زكية خليفة سعد صالح,2794,2794,,,,,,,,,,,,,,,,,,,,,,,,,,,,,,,,,,,,,,,,,,,,,,,,,,,,,,,,,,,,,,,,,,,,,,,,,,,,,,,,,,,,,,,,,,,,,,,,,,,,,,,,,,,,,,,,,,,,,,,,,,,,,,,,,,,,,,,,,,,,,,,,,,,,,,,,,,,,,,,,,,,,,,,,,,,,,,,,,,,,,,,,,,,,,,,,,,,,,,,,,,,,,,,,,,,,,,,,,,,,,,,,,,,,,,,,,,,,,,,,,,,,,,,,,,,,,,,,,,,,,,,,,,,,,,,,,,,,,,,,,,,,,,,,,,,,,,,,,,,,,,,,,,,,,,,,,,,,,,,,,,,,,,,,,,,,,
80,444,434,97.0,امال محمد عبدالسلام بعيو,13812,13812,عائشة يوسف عبدالله الطبلقي,7766,7766,سهام سالم سليمان سرقيوة,5797,5797,اسمهان عبدالقادر حسين بالعون,5366,5366,نجوى عبدالله احمد النايض,5103,5103,فوزية سالم غيث الفرجاني,4472,4472,ايمان ناصر فرج الورفلي,3992,3992,امل سعد محمد العبيدي,3200,3200,حميدة محمد علي اوحيدة,2404,2404,تهاني خليفة محمد بن سعود,2249,2249,زاهية فرج عطيه علي,1897,1897,فاطمة صالح ميلاد المقصبي,1407,1407,,,,,,,,,,,,,,,,,,,,,,,,,,,,,,,,,,,,,,,,,,,,,,,,,,,,,,,,,,,,,,,,,,,,,,,,,,,,,,,,,,,,,,,,,,,,,,,,,,,,,,,,,,,,,,,,,,,,,,,,,,,,,,,,,,,,,,,,,,,,,,,,,,,,,,,,,,,,,,,,,,,,,,,,,,,,,,,,,,,,,,,,,,,,,,,,,,,,,,,,,,,,,,,,,,,,,,,,,,,,,,,,,,,,,,,,,,,,,,,,,,,,,,,,,,,,,,,,,,,,,,,,,,,,,,,,,,,,,,,,,,,,,,,,,,,,,,,,,,,,,,,
81,137,136,99.0,فريحة عبدالسلام مصطفى عمر الحضيرى,4885,4885,جميلة محمد بوبكر عثمان,1393,1393,ريم عبدالصادق محمد امبارك,1078,1078,هدى حمد سالم حامد,1069,1069,ايمان ميلود محمد الصابرى,1034,1034,ايمان عبدالسلام محمود حبيب,846,846,ريحاب محمد احمد السرار,767,767,فوزية احمد محمود غربى,552,552,,,,,,,,,,,,,,,,,,,,,,,,,,,,,,,,,,,,,,,,,,,,,,,,,,,,,,,,,,,,,,,,,,,,,,,,,,,,,,,,,,,,,,,,,,,,,,,,,,,,,,,,,,,,,,,,,,,,,,,,,,,,,,,,,,,,,,,,,,,,,,,,,,,,,,,,,,,,,,,,,,,,,,,,,,,,,,,,,,,,,,,,,,,,,,,,,,,,,,,,,,,,,,,,,,,,,,,,,,,,,,,,,,,,,,,,,,,,,,,,,,,,,,,,,,,,,,,,,,,,,,,,,,,,,,,,,,,,,,,,,,,,,,,,,,,,,,,,,,,,,,,,,,,,,,,,,,,
82,59,58,98.0,فاطمة احمد عبدالمجيد عمر كاريس,1434,1434,فاطمة شحات بالحسن بلال,736,736,نجاة محمد مرسال مرسال,638,638,فاطمة عيسى جمعة عيسى,530,530,حواء محمد ابراهيم الهبرى,472,472,نجاح امبية عبدالله امبية اعليوه,213,213,,,,,,,,,,,,,,,,,,,,,,,,,,,,,,,,,,,,,,,,,,,,,,,,,,,,,,,,,,,,,,,,,,,,,,,,,,,,,,,,,,,,,,,,,,,,,,,,,,,,,,,,,,,,,,,,,,,,,,,,,,,,,,,,,,,,,,,,,,,,,,,,,,,,,,,,,,,,,,,,,,,,,,,,,,,,,,,,,,,,,,,,,,,,,,,,,,,,,,,,,,,,,,,,,,,,,,,,,,,,,,,,,,,,,,,,,,,,,,,,,,,,,,,,,,,,,,,,,,,,,,,,,,,,,,,,,,,,,,,,,,,,,,,,,,,,,,,,,,,,,,,,,,,,,,,,,,,,,,,,,
83,117,115,98.0,عزيزة كركرة عمر ابوستة,2220,2220,امنة فرج خليفة امطير,2061,2061,زينب رجب الفيتوري الورفلي,1547,1547,سارة مفتاح عبدالله مصباح,696,696,مريم الهمالي ابوشعيفة عمار,516,516,,,,,,,,,,,,,,,,,,,,,,,,,,,,,,,,,,,,,,,,,,,,,,,,,,,,,,,,,,,,,,,,,,,,,,,,,,,,,,,,,,,,,,,,,,,,,,,,,,,,,,,,,,,,,,,,,,,,,,,,,,,,,,,,,,,,,,,,,,,,,,,,,,,,,,,,,,,,,,,,,,,,,,,,,,,,,,,,,,,,,,,,,,,,,,,,,,,,,,,,,,,,,,,,,,,,,,,,,,,,,,,,,,,,,,,,,,,,,,,,,,,,,,,,,,,,,,,,,,,,,,,,,,,,,,,,,,,,,,,,,,,,,,,,,,,,,,,,,,,,,,,,,,,,,,,,,,,,,,,,,,,,
84,61,60,98.0,مدلله محمد البشير قندة,1958,1958,فتحية البغدادي احمد اسطيل,1649,1649,ناجية امحمد امحمد كريم,864,864,,,,,,,,,,,,,,,,,,,,,,,,,,,,,,,,,,,,,,,,,,,,,,,,,,,,,,,,,,,,,,,,,,,,,,,,,,,,,,,,,,,,,,,,,,,,,,,,,,,,,,,,,,,,,,,,,,,,,,,,,,,,,,,,,,,,,,,,,,,,,,,,,,,,,,,,,,,,,,,,,,,,,,,,,,,,,,,,,,,,,,,,,,,,,,,,,,,,,,,,,,,,,,,,,,,,,,,,,,,,,,,,,,,,,,,,,,,,,,,,,,,,,,,,,,,,,,,,,,,,,,,,,,,,,,,,,,,,,,,,,,,,,,,,,,,,,,,,,,,,,,,,,,,,,,,,,,,,,,,,,,,,,,,,,,
85,117,108,92.0,فاطمة ابوبكر حمد عمر ابوسعده,2391,2391,احلام محمد اللافي خليفة,2002,2002,امنة زيدان محمد نصر,1751,1751,مريم الامين احمد ساير,1621,1621,اشجان حسن موسى احمد,1605,1605,زينب اللافي شريف محمد,815,815,فاطمة سليمان جبر عمر,757,757,سالمة محمد مصطفى الزوي,717,717,مريم منصور محمد حمدان,458,458,عائشة حسين صوكو مردكلى,213,213,,,,,,,,,,,,,,,,,,,,,,,,,,,,,,,,,,,,,,,,,,,,,,,,,,,,,,,,,,,,,,,,,,,,,,,,,,,,,,,,,,,,,,,,,,,,,,,,,,,,,,,,,,,,,,,,,,,,,,,,,,,,,,,,,,,,,,,,,,,,,,,,,,,,,,,,,,,,,,,,,,,,,,,,,,,,,,,,,,,,,,,,,,,,,,,,,,,,,,,,,,,,,,,,,,,,,,,,,,,,,,,,,,,,,,,,,,,,,,,,,,,,,,,,,,,,,,,,,,,,,,,,,,,,,,,,,,,,,,,,,,,,,,,,,,,,,,,,,,,,,,,,,,,,,
86,114,103,90.0,خديجة احمد ابوبكر الزروق,2382,2382,انتصار علي احمد يوسف,1891,1891,بثينه عمر احمد ابوالقاسم الغناي,1805,1805,خديجة المهدي بشير الاخضر,1132,1132,فاطمة صالح علي سعيد,1110,1110,سمية عبدالله رمضان محمد عبدو,1074,1074,نهى محمد مسعود جمعه,943,943,ربيعة عبدالقادر امحمد صمبه,876,876,فاطمة ابراهيم ابوالقاسم علي ابوالعيد,567,567,حواء محمد الخير محمد عثمان,469,469,غزاله الحاج محمد جمعه الفنطازى,469,469,,,,,,,,,,,,,,,,,,,,,,,,,,,,,,,,,,,,,,,,,,,,,,,,,,,,,,,,,,,,,,,,,,,,,,,,,,,,,,,,,,,,,,,,,,,,,,,,,,,,,,,,,,,,,,,,,,,,,,,,,,,,,,,,,,,,,,,,,,,,,,,,,,,,,,,,,,,,,,,,,,,,,,,,,,,,,,,,,,,,,,,,,,,,,,,,,,,,,,,,,,,,,,,,,,,,,,,,,,,,,,,,,,,,,,,,,,,,,,,,,,,,,,,,,,,,,,,,,,,,,,,,,,,,,,,,,,,,,,,,,,,,,,,,,,,,,,,,,,,,,,,,,,
87,102,99,97.0,حجرة عبدالسلام محمد اسكنده,2118,2118,فاطمة عبدالسلام الهادي الصويعي,1612,1612,خديجة محمد موسى احمد,1496,1496,ابديوية محمد الجملي البصيري,1030,1030,مريم عبدالله حامد حمداني,944,944,مريم ابوبكر خليل امغار,772,772,مريم محمد صالح الطرابلسي,767,767,حواء زايد علي قدينو,746,746,امينة عاشور محمد بخاة,591,591,سمية ابوبكر اكحتي الامين,152,152,,,,,,,,,,,,,,,,,,,,,,,,,,,,,,,,,,,,,,,,,,,,,,,,,,,,,,,,,,,,,,,,,,,,,,,,,,,,,,,,,,,,,,,,,,,,,,,,,,,,,,,,,,,,,,,,,,,,,,,,,,,,,,,,,,,,,,,,,,,,,,,,,,,,,,,,,,,,,,,,,,,,,,,,,,,,,,,,,,,,,,,,,,,,,,,,,,,,,,,,,,,,,,,,,,,,,,,,,,,,,,,,,,,,,,,,,,,,,,,,,,,,,,,,,,,,,,,,,,,,,,,,,,,,,,,,,,,,,,,,,,,,,,,,,,,,,,,,,,,,,,,,,,,,,
88,64,55,85.0,رحمة ابوبكر علي ادم,7655,7655,كلثوم محمد صالح عبدالسلام دودو,1619,1619,وردة ادريس اسحاق التباوي,269,269,خديجة عبدالقادر عبدالرحمن فتاح,149,149,امينة صالح ابراهيم قلمه,127,127,نعيمة عتيق عيسى السحبو,124,124,مبروكة علي كالي ياو,8,8,,,,,,,,,,,,,,,,,,,,,,,,,,,,,,,,,,,,,,,,,,,,,,,,,,,,,,,,,,,,,,,,,,,,,,,,,,,,,,,,,,,,,,,,,,,,,,,,,,,,,,,,,,,,,,,,,,,,,,,,,,,,,,,,,,,,,,,,,,,,,,,,,,,,,,,,,,,,,,,,,,,,,,,,,,,,,,,,,,,,,,,,,,,,,,,,,,,,,,,,,,,,,,,,,,,,,,,,,,,,,,,,,,,,,,,,,,,,,,,,,,,,,,,,,,,,,,,,,,,,,,,,,,,,,,,,,,,,,,,,,,,,,,,,,,,,,,,,,,,,,,,,,,,,,,,,,,,,,,
89,105,100,95.0,السيدة كامل علي اليعقوبي,6152,6152,,,,,,,,,,,,,,,,,,,,,,,,,,,,,,,,,,,,,,,,,,,,,,,,,,,,,,,,,,,,,,,,,,,,,,,,,,,,,,,,,,,,,,,,,,,,,,,,,,,,,,,,,,,,,,,,,,,,,,,,,,,,,,,,,,,,,,,,,,,,,,,,,,,,,,,,,,,,,,,,,,,,,,,,,,,,,,,,,,,,,,,,,,,,,,,,,,,,,,,,,,,,,,,,,,,,,,,,,,,,,,,,,,,,,,,,,,,,,,,,,,,,,,,,,,,,,,,,,,,,,,,,,,,,,,,,,,,,,,,,,,,,,,,,,,,,,,,,,,,,,,,,,,,,,,,,,,,,,,,,,,,,,,,,,,,,,,,,
90,263,261,99.0,حنان محمد عبدالله شلوف,15725,15725,حليمة مصطفى ابراهيم الشح,6492,6492,ايمان بشير محمد سليمان بالراس علي,5940,5940,فتحية مفتاح عمر المحيشي,5014,5014,ريما محمد علي الهيشي,2033,2033,,,,,,,,,,,,,,,,,,,,,,,,,,,,,,,,,,,,,,,,,,,,,,,,,,,,,,,,,,,,,,,,,,,,,,,,,,,,,,,,,,,,,,,,,,,,,,,,,,,,,,,,,,,,,,,,,,,,,,,,,,,,,,,,,,,,,,,,,,,,,,,,,,,,,,,,,,,,,,,,,,,,,,,,,,,,,,,,,,,,,,,,,,,,,,,,,,,,,,,,,,,,,,,,,,,,,,,,,,,,,,,,,,,,,,,,,,,,,,,,,,,,,,,,,,,,,,,,,,,,,,,,,,,,,,,,,,,,,,,,,,,,,,,,,,,,,,,,,,,,,,,,,,,,,,,,,,,,,,,,,,,,
91,137,135,98.0,نعيمة رمضان عقيل دلف,4410,4410,زينب عبدالسلام نصر شنيب,4077,4077,انتصار معمر رمضان الواعر,2435,2435,,,,,,,,,,,,,,,,,,,,,,,,,,,,,,,,,,,,,,,,,,,,,,,,,,,,,,,,,,,,,,,,,,,,,,,,,,,,,,,,,,,,,,,,,,,,,,,,,,,,,,,,,,,,,,,,,,,,,,,,,,,,,,,,,,,,,,,,,,,,,,,,,,,,,,,,,,,,,,,,,,,,,,,,,,,,,,,,,,,,,,,,,,,,,,,,,,,,,,,,,,,,,,,,,,,,,,,,,,,,,,,,,,,,,,,,,,,,,,,,,,,,,,,,,,,,,,,,,,,,,,,,,,,,,,,,,,,,,,,,,,,,,,,,,,,,,,,,,,,,,,,,,,,,,,,,,,,,,,,,,,,,,,,,,,
92,111,110,99.0,صباح جمعة محمد الحاج فرج,1906,1906,ام الخير مسعود علي الاطرش,1615,1615,امنة خليفة احمد ابو سنينة,1377,1377,,,,,,,,,,,,,,,,,,,,,,,,,,,,,,,,,,,,,,,,,,,,,,,,,,,,,,,,,,,,,,,,,,,,,,,,,,,,,,,,,,,,,,,,,,,,,,,,,,,,,,,,,,,,,,,,,,,,,,,,,,,,,,,,,,,,,,,,,,,,,,,,,,,,,,,,,,,,,,,,,,,,,,,,,,,,,,,,,,,,,,,,,,,,,,,,,,,,,,,,,,,,,,,,,,,,,,,,,,,,,,,,,,,,,,,,,,,,,,,,,,,,,,,,,,,,,,,,,,,,,,,,,,,,,,,,,,,,,,,,,,,,,,,,,,,,,,,,,,,,,,,,,,,,,,,,,,,,,,,,,,,,,,,,,,
93,52,51,98.0,ابتسام عبدالسلام علي بن جمعة,1311,1311,رويدة محمد عبدالسلام الراجحي,1090,1090,فتحية عمر احمد لجنف,418,418,,,,,,,,,,,,,,,,,,,,,,,,,,,,,,,,,,,,,,,,,,,,,,,,,,,,,,,,,,,,,,,,,,,,,,,,,,,,,,,,,,,,,,,,,,,,,,,,,,,,,,,,,,,,,,,,,,,,,,,,,,,,,,,,,,,,,,,,,,,,,,,,,,,,,,,,,,,,,,,,,,,,,,,,,,,,,,,,,,,,,,,,,,,,,,,,,,,,,,,,,,,,,,,,,,,,,,,,,,,,,,,,,,,,,,,,,,,,,,,,,,,,,,,,,,,,,,,,,,,,,,,,,,,,,,,,,,,,,,,,,,,,,,,,,,,,,,,,,,,,,,,,,,,,,,,,,,,,,,,,,,,,,,,,,,
94,215,213,99.0,ربيعة الصادق خليفة الفقيه,5333,5333,سميرة الزروق محمد كرموس,4325,4325,حميدة عاشور علي بن حامد,3918,3918,فريدة محمد ابراهيم الشهاوي,3878,3878,منى محمد السائح الشباح,1581,1581,,,,,,,,,,,,,,,,,,,,,,,,,,,,,,,,,,,,,,,,,,,,,,,,,,,,,,,,,,,,,,,,,,,,,,,,,,,,,,,,,,,,,,,,,,,,,,,,,,,,,,,,,,,,,,,,,,,,,,,,,,,,,,,,,,,,,,,,,,,,,,,,,,,,,,,,,,,,,,,,,,,,,,,,,,,,,,,,,,,,,,,,,,,,,,,,,,,,,,,,,,,,,,,,,,,,,,,,,,,,,,,,,,,,,,,,,,,,,,,,,,,,,,,,,,,,,,,,,,,,,,,,,,,,,,,,,,,,,,,,,,,,,,,,,,,,,,,,,,,,,,,,,,,,,,,,,,,,,,,,,,,,
95,170,167,98.0,فوزية محمد مفتاح ابوغاليه,7168,7168,وفاء الطيب عبدالوهاب النعاس,2963,2963,هاجر محمد سليمان القائد,2759,2759,مها سليم موسى بن خليفة,1680,1680,سليمة العماري الصغير الجبالي,1590,1590,سعاد عبدالدائم امحمد بن نوبة,1481,1481,فوزية عيسى محمد الوداني,1002,1002,لطفية مصباح مفتاح حمير,660,660,,,,,,,,,,,,,,,,,,,,,,,,,,,,,,,,,,,,,,,,,,,,,,,,,,,,,,,,,,,,,,,,,,,,,,,,,,,,,,,,,,,,,,,,,,,,,,,,,,,,,,,,,,,,,,,,,,,,,,,,,,,,,,,,,,,,,,,,,,,,,,,,,,,,,,,,,,,,,,,,,,,,,,,,,,,,,,,,,,,,,,,,,,,,,,,,,,,,,,,,,,,,,,,,,,,,,,,,,,,,,,,,,,,,,,,,,,,,,,,,,,,,,,,,,,,,,,,,,,,,,,,,,,,,,,,,,,,,,,,,,,,,,,,,,,,,,,,,,,,,,,,,,,,,,,,,,,,
96,172,168,97.0,هناء خليفة خالد ابو ديب,4306,4306,ربيعة عبدالرحمن سليمان ابوراص,2738,2738,نادية يوسف عمرو العزابي,2655,2655,عفاف خليفة سعيد زريق,2646,2646,ابتهال مصطفى محمد قنيوة,1909,1909,سعاد ابراهيم موسى بن خليفة,619,619,,,,,,,,,,,,,,,,,,,,,,,,,,,,,,,,,,,,,,,,,,,,,,,,,,,,,,,,,,,,,,,,,,,,,,,,,,,,,,,,,,,,,,,,,,,,,,,,,,,,,,,,,,,,,,,,,,,,,,,,,,,,,,,,,,,,,,,,,,,,,,,,,,,,,,,,,,,,,,,,,,,,,,,,,,,,,,,,,,,,,,,,,,,,,,,,,,,,,,,,,,,,,,,,,,,,,,,,,,,,,,,,,,,,,,,,,,,,,,,,,,,,,,,,,,,,,,,,,,,,,,,,,,,,,,,,,,,,,,,,,,,,,,,,,,,,,,,,,,,,,,,,,,,,,,,,,,,,,,,,,
97,111,105,94.0,سارة عامر عبدالجليل السويح,4017,4017,علياء المبروك ابوزيد الزحاف,2429,2429,فتحية ابراهيم راشد المرغني,2356,2356,امل علي بشير الفاندي,1575,1575,منيرة علي ميلود الشاوي,363,363,,,,,,,,,,,,,,,,,,,,,,,,,,,,,,,,,,,,,,,,,,,,,,,,,,,,,,,,,,,,,,,,,,,,,,,,,,,,,,,,,,,,,,,,,,,,,,,,,,,,,,,,,,,,,,,,,,,,,,,,,,,,,,,,,,,,,,,,,,,,,,,,,,,,,,,,,,,,,,,,,,,,,,,,,,,,,,,,,,,,,,,,,,,,,,,,,,,,,,,,,,,,,,,,,,,,,,,,,,,,,,,,,,,,,,,,,,,,,,,,,,,,,,,,,,,,,,,,,,,,,,,,,,,,,,,,,,,,,,,,,,,,,,,,,,,,,,,,,,,,,,,,,,,,,,,,,,,,,,,,,,,,
98,126,124,98.0,سعاد عبدالله محمد الشلي,2076,2076,ناهد محمد علي المكي,1715,1715,سميرة مفتاح سوسي الفرجاني,1543,1543,خيرية الجيلاني دغمان مرزوق,1069,1069,فاطمة حامد مصباح السيليني,751,751,نجاة عبدالقادر احمد فرحات,743,743,,,,,,,,,,,,,,,,,,,,,,,,,,,,,,,,,,,,,,,,,,,,,,,,,,,,,,,,,,,,,,,,,,,,,,,,,,,,,,,,,,,,,,,,,,,,,,,,,,,,,,,,,,,,,,,,,,,,,,,,,,,,,,,,,,,,,,,,,,,,,,,,,,,,,,,,,,,,,,,,,,,,,,,,,,,,,,,,,,,,,,,,,,,,,,,,,,,,,,,,,,,,,,,,,,,,,,,,,,,,,,,,,,,,,,,,,,,,,,,,,,,,,,,,,,,,,,,,,,,,,,,,,,,,,,,,,,,,,,,,,,,,,,,,,,,,,,,,,,,,,,,,,,,,,,,,,,,,,,,,,
99,103,102,99.0,اسماء محمود محمد الخوجه,2170,2170,سناء الهادي مسعود صالح,2142,2142,فاطمة الصادق جمعة هروس,1609,1609,,,,,,,,,,,,,,,,,,,,,,,,,,,,,,,,,,,,,,,,,,,,,,,,,,,,,,,,,,,,,,,,,,,,,,,,,,,,,,,,,,,,,,,,,,,,,,,,,,,,,,,,,,,,,,,,,,,,,,,,,,,,,,,,,,,,,,,,,,,,,,,,,,,,,,,,,,,,,,,,,,,,,,,,,,,,,,,,,,,,,,,,,,,,,,,,,,,,,,,,,,,,,,,,,,,,,,,,,,,,,,,,,,,,,,,,,,,,,,,,,,,,,,,,,,,,,,,,,,,,,,,,,,,,,,,,,,,,,,,,,,,,,,,,,,,,,,,,,,,,,,,,,,,,,,,,,,,,,,,,,,,,,,,,,,
100,250,247,98.0,ابتسام عبدالحفيظ عمر سالم,5449,5449,زهرة موسى الطاهر المزوغي,4825,4825,زهرة العماري علي الهبهاب,4056,4056,ربيعة ابوحميرة سالم الشول,3737,3737,اسيا محمد المرغني حمربطان,2991,2991,,,,,,,,,,,,,,,,,,,,,,,,,,,,,,,,,,,,,,,,,,,,,,,,,,,,,,,,,,,,,,,,,,,,,,,,,,,,,,,,,,,,,,,,,,,,,,,,,,,,,,,,,,,,,,,,,,,,,,,,,,,,,,,,,,,,,,,,,,,,,,,,,,,,,,,,,,,,,,,,,,,,,,,,,,,,,,,,,,,,,,,,,,,,,,,,,,,,,,,,,,,,,,,,,,,,,,,,,,,,,,,,,,,,,,,,,,,,,,,,,,,,,,,,,,,,,,,,,,,,,,,,,,,,,,,,,,,,,,,,,,,,,,,,,,,,,,,,,,,,,,,,,,,,,,,,,,,,,,,,,,,,
101,206,196,95.0,عائشة المهدي القمودي شلابي,6158,6158,عبير عبدالكريم احمد شاقان,3823,3823,فوزية محمد عبدالله سويسي,2720,2720,نعيمة محمد نصر الحامي,2391,2391,زينب محمد الطاهر المرموري,2215,2215,امل محمد عبدالرحمن عزالدين,1546,1546,انتصار عياد الشنيتي الجريو,1436,1436,زهرة البشير محمد الجمل,838,838,سمية محمد عبدالرحمن ابوزيد,544,544,,,,,,,,,,,,,,,,,,,,,,,,,,,,,,,,,,,,,,,,,,,,,,,,,,,,,,,,,,,,,,,,,,,,,,,,,,,,,,,,,,,,,,,,,,,,,,,,,,,,,,,,,,,,,,,,,,,,,,,,,,,,,,,,,,,,,,,,,,,,,,,,,,,,,,,,,,,,,,,,,,,,,,,,,,,,,,,,,,,,,,,,,,,,,,,,,,,,,,,,,,,,,,,,,,,,,,,,,,,,,,,,,,,,,,,,,,,,,,,,,,,,,,,,,,,,,,,,,,,,,,,,,,,,,,,,,,,,,,,,,,,,,,,,,,,,,,,,,,,,,,,,,,,,,,,,
102,157,86,54.0,حليمة الصادق علي العائب,4817,4817,ايناس حاجي سالم الطويني,1147,1147,,,,,,,,,,,,,,,,,,,,,,,,,,,,,,,,,,,,,,,,,,,,,,,,,,,,,,,,,,,,,,,,,,,,,,,,,,,,,,,,,,,,,,,,,,,,,,,,,,,,,,,,,,,,,,,,,,,,,,,,,,,,,,,,,,,,,,,,,,,,,,,,,,,,,,,,,,,,,,,,,,,,,,,,,,,,,,,,,,,,,,,,,,,,,,,,,,,,,,,,,,,,,,,,,,,,,,,,,,,,,,,,,,,,,,,,,,,,,,,,,,,,,,,,,,,,,,,,,,,,,,,,,,,,,,,,,,,,,,,,,,,,,,,,,,,,,,,,,,,,,,,,,,,,,,,,,,,,,,,,,,,,,,,,,,,,,
