1,174,174,100.0,صالح هاشم صالح الطائع,3008,3008,نورالدين خالد ادم عبدالحميد,1879,1879,الصالحين عبدالنبي محمد سعد,1610,1610,مفتاح عطية محمد الشاعري,1388,1388,رحيل جمعة رحيل حمد,1078,1078,عزت عباس صالح ادم,962,962,علي عبدالقادر منفور علي,891,891,عبدالفتاح بالعيد هودج حفالش,884,884,ارجاعي امرايف يونس سعيد,881,881,مجدي يونس بكار حسين,866,866,محمود علي المبروك صالح,856,856,مؤمن الامين مسعود ضيف الله,811,811,صافي محمد ابراهيم مفتاح,774,774,زيدان يوسف سالم شعيب,698,698,فرج المهدي علي ادهيم,696,696,صالح عبدالله ميمون عبدالجليل,601,601,امساعد محمد عبدالرازق هارون,594,594,حسين محمد عبيدة الحبوني,560,560,مجيد ادريس محمد البساط,543,543,عبدالباسط ابراهيم عبدالغني محمد,523,523,خليفة مفتاح عمر محمد,495,495,فيصل رزق عبدالسلام بوالرايقة,479,479,علي حسين حلمي علي,453,453,عبدالهادي اسماعيل عبدالرحمن محمد,448,448,حسين الشارف عبدالله محمد,439,439,ماهر سالم مؤمن الشاعري,379,379,علي سليمان صالح لامين,269,269,محمد فضل الله فرج عثمان,249,249,محي الدين محمد عبدالله الاخواني,220,220,طارق المبروك الشريف العوامي,219,219,هيوب عبدالستار هيوب عمر,208,208,مفتاح عمر حمد محمد,161,161,فرج يونس سليمان عبدالكريم,151,151,ادريس سعد عبدالعزيز احميدة,136,136,عبدالرازق حسن سعد زيدان,129,129,فرج عبدالله القذافي طاهر,125,125,نصر ابراهيم عبدالحفيظ بونعامة,86,86,بشير مفتاح محمد مفتاح,61,61,محمد صالح محمود المسماري,24,24,عبدالسلام فتح الله محمد عليوة,9,9,ايمن عطية محمود الطائع,6,6,احمد جاد المولى ازقيم جادالله,2,2,,,,,,,,,,,,,,,,,,,,,,,,,,,,,,,,,,,,,,,,,,,,,,,,,,,,,,,,,,,,,,,,,,,,,,,,,,,,,,,,,,,,,,,,,,,,,,,,,,,,,,,,,,,,,,,,,,,,,,,,,,,,,,,,,,,,,,,,,,,,,,,,,,,,,,,,,,,,,,,,,,,,,,,,,,,,,,,,,,,,,,,,,,,,,,,,,,,,,,,,,,,,,,,,,,
2,81,81,100.0,عقيلة صالح عيسى اقويدر,913,913,طلال عبدالله موسى الميهوب,623,623,السنوسي سعيد عبدالمجيد بالقاسم,570,570,محمد فضل صالح ابراهيم,492,492,نزار امراجع فرج سالم,446,446,فرج فيد الله المبروك الغيثي,400,400,عمران حمد عبدالغني الكلوش,390,390,فتح الله محمد قرامي قرامي,365,365,عوض سليمان عوض الشوبكي,339,339,عبدالحميد سعيد عبدالكريم اشنيف,320,320,المبري نوري سعيد خليل,294,294,عبدالقادر صالح عبد ربه امنيسي,265,265,عبدالمنعم عمر يونس حمد,237,237,ناصر محمد عبدالله جبريل,163,163,عبدالله صالح السنوسي الكاسح,158,158,حمد سعد محمد ياسين,157,157,عبدالباسط سعيد سالم وافي,142,142,فتحي محمد ابومليحه محمد,122,122,خالد شعيب ارحيم العبيدي,117,117,توفيق عبدالسلام عبدالرواف المالح,99,99,رواش حمد عبد الرازق محمود,89,89,حماد سعد محمد اخويزيق,78,78,ابوبكر مفتاح عبدالرازق المنصوري,74,74,هاني عبدالمالك محمد مسعود,67,67,ابريك عبدالجواد محمد حسين,62,62,منصور ابراهيم سالم المشاي,51,51,محمد جبريل علي ابراهيم,32,32,عبد العزيز اشريح محمد علي,32,32,سالم عثمان سالم ادم,21,21,عطية عبدالرحمن عبدالرازق عبد ربه,7,7,,,,,,,,,,,,,,,,,,,,,,,,,,,,,,,,,,,,,,,,,,,,,,,,,,,,,,,,,,,,,,,,,,,,,,,,,,,,,,,,,,,,,,,,,,,,,,,,,,,,,,,,,,,,,,,,,,,,,,,,,,,,,,,,,,,,,,,,,,,,,,,,,,,,,,,,,,,,,,,,,,,,,,,,,,,,,,,,,,,,,,,,,,,,,,,,,,,,,,,,,,,,,,,,,,,,,,,,,,,,,,,,,,,,,,,,,,,,,,,,,,,,,,
3,87,48,55.0,فرج الصفتي محمد عبدالسلام,968,968,حمد محمود حمد المزيني,898,898,علي صالح عبدالكريم الرفادي,530,530,خيرالله يونس عبد ربه التركاوي,501,501,ادريس عبدالقادر عبدالله عبدالخالق,451,451,هشام محمد السرواحي الامين,335,335,سعد بشير مفتاح الرفادي,313,313,عبدالحكيم فيصل محمد الغيثي,235,235,عمرو عبدالغني عبدالرحيم عزوز,21,21,,,,,,,,,,,,,,,,,,,,,,,,,,,,,,,,,,,,,,,,,,,,,,,,,,,,,,,,,,,,,,,,,,,,,,,,,,,,,,,,,,,,,,,,,,,,,,,,,,,,,,,,,,,,,,,,,,,,,,,,,,,,,,,,,,,,,,,,,,,,,,,,,,,,,,,,,,,,,,,,,,,,,,,,,,,,,,,,,,,,,,,,,,,,,,,,,,,,,,,,,,,,,,,,,,,,,,,,,,,,,,,,,,,,,,,,,,,,,,,,,,,,,,,,,,,,,,,,,,,,,,,,,,,,,,,,,,,,,,,,,,,,,,,,,,,,,,,,,,,,,,,,,,,,,
4,61,61,100.0,نصرالدين مهنى غباشي مفتاح,567,567,المنتصر سعد عطية علي,560,560,خليل مفتاح عبدالله خليل,547,547,سعد فرج سعد علي الدويلي,510,510,مفتاح سليمان عطاياالله خليل الحاسي,432,432,فتحي عيسى فرج عبدالكريم,304,304,حسن عبدالرحيم علي موسى,295,295,عادل عبدالعزيز محمود سعيد بوعلجية,260,260,الناجي سعد عبدالله المرتضي,242,242,ابراهيم عبدالكريم ادم عبدو,216,216,عبدالله حسين المرتضي بوبكر,206,206,فوزي عبدالسلام محمد حسن,178,178,سليمان طاهر عبداللطيف محمد عرعاز,166,166,عبدالناصر حسين عبدالرازق المجدوب,164,164,صقر محمد موسى الفيتوري,142,142,عبدالسلام جبريل محمد عبدالجليل,105,105,مفتاح بوبكر ارحومة حسين,60,60,الفيتوري عمر الفيتوري عبدالرحمن,55,55,منصف خليفة محمد امبهدل الميار,52,52,محمد عثمان عطش المبروك,40,40,فكري سليم احمد حسن الخرش,29,29,نافع حمد محمد جمعة,26,26,,,,,,,,,,,,,,,,,,,,,,,,,,,,,,,,,,,,,,,,,,,,,,,,,,,,,,,,,,,,,,,,,,,,,,,,,,,,,,,,,,,,,,,,,,,,,,,,,,,,,,,,,,,,,,,,,,,,,,,,,,,,,,,,,,,,,,,,,,,,,,,,,,,,,,,,,,,,,,,,,,,,,,,,,,,,,,,,,,,,,,,,,,,,,,,,,,,,,,,,,,,,,,,,,,,,,,,,,,,,,,,,,,,,,,,,,,,,,,,,,,,,,,,,,,,,,,,,,,,,,,,,,,,,,,
5,136,135,99.0,ادريس عمران عبدالهادي ادم,1412,1412,ادم صالح ادم بوصخرة,1227,1227,عبدالمطلب ادريس ثابت حمد,968,968,موسى صالح ابراهيم الفرجاني,957,957,عيسى عبدالله يونس محمد الصغير,806,806,اشرف السعداوي بالحمد السعداوي,784,784,عبدالمولى محمد عبدالدائم صالح بوزهرة,757,757,سالم صالح عبدالرازق محمد الكواش,583,583,صلاح الماوي حمد حسين,507,507,عطية مفتاح حمد خنيفر,452,452,عبدالحفيظ محمد عوض ابراهيم,445,445,صالح محمد حسين بوعصرانة,435,435,علاء الدين رافع عبدالواحد حسين بوصفيطة,376,376,مختار محمد يوسف المختار ليسير,364,364,عبدالسلام التواتي حسن السنوسي,360,360,عبدالمولى مسعود يوسف جودة,344,344,احمد فضيل سعد محمد بالتبن,298,298,محسن محمد سليمان عمر العلواني,280,280,ازقيبة مفتاح ازقيبة بوقفة,260,260,محمد عبدالله الطيف عبدالله بوعرقوب,246,246,عبدالله ادريس حمد محمد الخطابية,232,232,يوسف عمر قويطين طاهر,230,230,حمد عبدالسميع القاسي بالقاسم الخزعلي,207,207,محمد عطايا محمد المبروك,186,186,مجدي فرج محمد عقيلة بونعيجة,178,178,موسى علي محمد مجحود القرم,177,177,فيصل علي سعيد الغويل,176,176,سليمان مصطفى ابراهيم المصري,165,165,عادل سعيد حمد سعيد بوعجاج,152,152,عبدالرحمن علي محمد عبدالرحمن,143,143,مصطفى عطية سعد عبدالحفيظ الزايدي,141,141,محمد عبدالمجيد المبروك عبدالمجيد,126,126,عبدالباسط علي عيسى سعد الخرم,119,119,محمد سعيد علي علي الجويفي,95,95,محمد عبدالكريم يحيى الساكر,93,93,احمد مؤمن سليمان شعيب,92,92,بالقاسم علي محمد عيسى بوحويصة,81,81,المبروك خليفة علي خليفة بوعباه,73,73,باسم عثمان محمد انويقص,55,55,ادريس احمد محمود فضيل الزائدي,46,46,يونس بونعامة محمد المرتجع,45,45,توفيق عبدالسلام عيسى عمر جلغاف,37,37,عبدالمالك محمد علي محمد بوعلي,35,35,عبدالناصر فتحي محمود يوسف,28,28,عاطف الناجي خالد حمد,27,27,,,,,,,,,,,,,,,,,,,,,,,,,,,,,,,,,,,,,,,,,,,,,,,,,,,,,,,,,,,,,,,,,,,,,,,,,,,,,,,,,,,,,,,,,,,,,,,,,,,,,,,,,,,,,,,,,,,,,,,,,,,,,,,,,,,,,,,,,,,,,,,,,,,,,,,,,,,,,,,,,,,,,,,,,,,,,,,,,,,,,,,,,,,,,,,,,,,,,,,,,
6,115,115,100.0,سليمان خطاب اسويكر عوض,1079,1079,عبدالمنعم جمعة سالم حسن,980,980,فرج عبدالله ادريس هاشم,962,962,حسين علي اسماعيل عبدالله,826,826,سعيد صالح سعد رحيل,660,660,خالد ابراهيم سعد طيب,598,598,خميس ابراهيم محمود محمد الهنكور,588,588,احمد خليفة محمد ادم بوهلالة,586,586,مخلص ادريس نوح عبدالله المسماري,418,418,عبدالكريم محمد منصور بوجدارية,382,382,حسن احمد صالح عيسى,350,350,عبدالرحمن محمد عبدالمولى الميهوب,344,344,صلاح عبدالله علي ابراهيم العسبلي,299,299,مراجع سعد محمد محمود,250,250,علي فتح الله محمد علي الشيخي,211,211,وائل عبدالوهاب صالح الهذمال,210,210,علي غنيوة مفتاح عون الرمحي,177,177,بالعيد عبدالنبي حسن موسى,170,170,محمد عطية علي عبدالله,167,167,محمد نوري ابوبكر المداعي,167,167,معين محمد المبروك اقويدر,165,165,مصطفى امريمي مصطفى سعيد,155,155,فضيل عبدالحميد عبدالجواد سعد,146,146,سالم مفتاح جبريل الغفير,144,144,بدر عبدالسلام طاهر محمد قندولة,133,133,مصطفى عبدالله محمد عطية,108,108,نادر نوري سعيد مفتاح الحضيري,71,71,عمر عبدالله يونس عبدالكريم,69,69,عمر حماد صالح مدينه,65,65,عبدالله موسى سليمان عبدربه شحوط,42,42,علي عبدالسلام علي سليمان,13,13,بالقاسم محمد بوبكر علي الجارد,10,10,فضل الله  بوبكر  المبروك  ادم,6,6,,,,,,,,,,,,,,,,,,,,,,,,,,,,,,,,,,,,,,,,,,,,,,,,,,,,,,,,,,,,,,,,,,,,,,,,,,,,,,,,,,,,,,,,,,,,,,,,,,,,,,,,,,,,,,,,,,,,,,,,,,,,,,,,,,,,,,,,,,,,,,,,,,,,,,,,,,,,,,,,,,,,,,,,,,,,,,,,,,,,,,,,,,,,,,,,,,,,,,,,,,,,,,,,,,,,,,,,,,,,,,,,,,,,,,,,,,,,,
7,72,72,100.0,خليفة صالح سعيد محمد الدغاري,1149,1149,عبدالفتاح اخليفة ادم علي,817,817,مبارك علي محمد عبدالقادر,788,788,عمر سالم ادريس ابوبكر بوخويدم,734,734,خالد فرج حمد عبدالجواد بوعوينة,595,595,عبدالحميد يونس عبدالكريم سالم,408,408,مجدي سليمان حسين محمد,402,402,اسماعيل رجب الصالحين حقار,384,384,توفيق سعيد مفتاح مشاضي,370,370,جمعة عبدالله حسن علي,359,359,صلاح محمد حمد صالح,329,329,عبدالحفيظ محمد عبدالجواد مصطفى الدرسي,327,327,المبروك بدر حامد ارجيعة,192,192,احميدة محمد حمد عطية الله,181,181,عبدالسلام صالح يحيى حمد,137,137,علي عبدالغني عبدالسلام اخفير,120,120,موسى محمد موسى حسين بوالشامخة,91,91,حمد مسعود ذاوود بالحمد,42,42,صالح سعد يونس محمود,9,9,عبدالمطلوب حسين محمد عمران بوعلية,6,6,,,,,,,,,,,,,,,,,,,,,,,,,,,,,,,,,,,,,,,,,,,,,,,,,,,,,,,,,,,,,,,,,,,,,,,,,,,,,,,,,,,,,,,,,,,,,,,,,,,,,,,,,,,,,,,,,,,,,,,,,,,,,,,,,,,,,,,,,,,,,,,,,,,,,,,,,,,,,,,,,,,,,,,,,,,,,,,,,,,,,,,,,,,,,,,,,,,,,,,,,,,,,,,,,,,,,,,,,,,,,,,,,,,,,,,,,,,,,,,,,,,,,,,,,,,,,,,,,,,,,,,,,,,,,,,,,,,,
8,444,444,100.0,يونس عمر منصور فنوش,4838,4838,ابراهيم فتحي ابراهيم عميش,4599,4599,علي رمضان خليل ابوزعكوك,3932,3932,طارق صقر ادم الجروشي,2863,2863,ابوبكر مصطفى علي بعيرة,2853,2853,عادل فرج ابراهيم الطيرة,2080,2080,زياد صالح سالم دغيم,2007,2007,مفتاح مراجع محمد اكويدير,1792,1792,احمد شيهوب ابراهيم الواحدي,1532,1532,عيسى محمد السنوسي العريبي,1417,1417,جلال صالح عبدالسلام الشويهدي,1307,1307,رمضان محمد محمد شمبش,1220,1220,عصام عبدالله محمد الجهانى,1073,1073,ابراهيم ابوبكر عبدالرحمن الدرسى,1072,1072,سعد محمد صالح الجازوي,1057,1057,بدر علي سليمان موسى,977,977,مصطفى محمد عبدالله الرقيق,951,951,طارق نوري محمد ماضي,933,933,ادريس محمد رمضان القاضى,916,916,رشيد مصطفى محمد بسيكري,912,912,ونيس الشارف العبانى الورفلى,897,897,ناصر صالح طاهر معيوف,753,753,اشرف عبدالله حسين الساعدي,738,738,عبدالناصر عبدالحميد حسين نجم,737,737,راضى ابراهيم غيث قنديل,731,731,نجيب احمد منصور اطلوبه,708,708,ابراهيم جمعة صالح العوامي,695,695,عبدالقادر مرعي رجب القنين,674,674,فتح الله بالقاسم حمد العرفي,649,649,احمد جمعة احمد الاوجلي,643,643,فضل الله هارون موسى جبريل,627,627,الصديق سلامة عبدالرحيم الصديق,586,586,فرج عمران سالم فرج العمامي,553,553,محمد عبدالله علي المغيربى,547,547,محمد سليمان محمد الحداد,496,496,هشام عبدالله مفتاح الورفلي,492,492,يحي عطية يونس الصبيحي,492,492,رافع عبدالله محمد الفضيل الديفار,489,489,عمر احمد عمر العبار,482,482,منعم محمد حسين القماطى,460,460,جبريل خير سعيد التارقي,459,459,خليفة يوسف محمد زيو,431,431,احمد الفيتوري امحمد الزائدي,418,418,عبدالناصر عبدالعالي عبدالسلام شماطة,394,394,حسن ابراهيم صالح الشريف,394,394,خالد عبدالله خالد عبدالرحمن,376,376,عبدالله عبدالقادر حسن عبدربه العبيدى,370,370,عادل احمد محمد الفرجاني,366,366,فوزي عبدالحميد احمد الهدار,359,359,يونس عمر عطية بن عامر,340,340,خليل ادريس علي المبروك,340,340,صلاح مصطفى محمود بادي,338,338,طارق السنوسي بوسيف العبيدي,322,322,ابراهيم احمد امحمد المهدوي,306,306,مفتاح عوض عبدالرحمن الغناي,302,302,محمد مفتاح محمد الساحلي,295,295,فتح الله محمد طاهر الدرسى,295,295,ابوبكر محمد ابوبكر علي,289,289,طاهر محمود محمد الفضلى,275,275,محمد مسعود مفتاح مخلوف,275,275,موسى ذاوود سعيد عبدالرحمن,268,268,عبدالحميد احمد بوبكر الصديق السوسي,266,266,وليد عبدالحميد محمد ماضي,261,261,عمر عبدالعاطي محمد الشبلي,256,256,سليمان محمود سليمان البرعصي,252,252,خالد محمد عمر حمد,250,250,عيسى حسين عيسى الفلاح,242,242,جمعة علي محمد يونس,242,242,فرج حسين فرج العمامي,241,241,محمد سليمان بشير الورفلي,239,239,موفق محمد سليمان الزوي,233,233,احمد علي خميس سعيد,226,226,محمود عمر احمد المسماري,225,225,علي ابوعجيلة علي ابوبكر العرفي,222,222,احمد الكيلاني مصباح الفرجاني,220,220,عبدالله حمد عمر الطابوني,219,219,فرحات المبروك محمد الدينالي,215,215,جمال عبدالقادر علي بودجاجة,206,206,علي محمد علي باقو,193,193,عبدالناصر محمد سليمان بومطاري,185,185,عبدالرحيم زنقي بوسيف الجنجان,184,184,عبدالقادر سعيد عبدالقادر الذباح,184,184,يوسف ابراهيم صالح الشريف,178,178,انويجي جمعة انويجي ابوبكر,176,176,سامي عاشور محمد الشريف,167,167,زايد محمود بوبكر العوج,159,159,احمد هارون مقاوي العبيدي,155,155,محمد بوبكر علي الشبلي,155,155,سالم عبدالقادر محمد شقلوف,150,150,محمد حمد امحمد بن حسونة,149,149,عبدالخالق الفضيل سليمان كريم,128,128,ياسين المرخى جادالله الشلوى,123,123,محمد عبدالله محمد بوسدرة,122,122,بريك عوض محمد درباش,120,120,محمد سالم محمد بوشعالة,119,119,يوسف عبدالسلام محمد بعيو,110,110,علي مخلوف عقيلة مفتاح,109,109,نوري عطية محمد بن خيال,106,106,فتح الله عقيلة بوبكر المنفي,103,103,مصطفى علي محمد الهشم,96,96,فوزي ميلاد خليفة العماري,81,81,عزالدين محمد حمد عطية الله,67,67,علي ادريس حمد رابح,66,66,احمد سالم علي السائح,57,57,رمزي الهادي علي الجدي,54,54,فتحي خليفة حمد جلهوم,42,42,عبدو جمعة عبدالقادر الصاوى بالروين,38,38,ايمن حسن محمد احميدة,36,36,فرج محمد محمد الجليطي,34,34,طارق محمود حبيب المسماري,32,32,محمد فرج محمد بشير,22,22,سامي محمد سليمان يونس,10,10
9,47,47,100.0,سعيد خالد عمر اسباقه,425,425,يوسف ابراهيم محمد حمد,418,418,سعد عبدالله ادريس الدينالي,414,414,مفتاح موسى سعد حامد,395,395,بالقاسم احمد مفتاح امراجع,394,394,صالح محمود صالح العبدلى,372,372,محمد عبدالرازق ادريس مفتاح,274,274,اسامة عبدالله محمد ابوبكر,265,265,عبدالله مصطفى عبدالله بوكشارية,190,190,جمال عبدالله عطية عمر,188,188,ابراهيم موسى صالح العبدلي,168,168,حسين محمود خليفة المنفور,154,154,محمد حسين عبدالحميد احسين,90,90,سعد محمد منصور عبدالباري,58,58,فرج رشيد صالح العبدلي,57,57,بالقاسم محمد عبدالجليل ادريس,39,39,,,,,,,,,,,,,,,,,,,,,,,,,,,,,,,,,,,,,,,,,,,,,,,,,,,,,,,,,,,,,,,,,,,,,,,,,,,,,,,,,,,,,,,,,,,,,,,,,,,,,,,,,,,,,,,,,,,,,,,,,,,,,,,,,,,,,,,,,,,,,,,,,,,,,,,,,,,,,,,,,,,,,,,,,,,,,,,,,,,,,,,,,,,,,,,,,,,,,,,,,,,,,,,,,,,,,,,,,,,,,,,,,,,,,,,,,,,,,,,,,,,,,,,,,,,,,,,,,,,,,,,,,,,,,,,,,,,,,,,,,,,,,,,,
10,65,65,100.0,علي فرج ابراهيم خالد,1308,1308,سعد عبدالقادر عبدالقادر البدري,1209,1209,اسامة محمد عبدالحميد العمروني,880,880,رواد طاهر محمد الصابر,720,720,فرج سليمان عبدالرحيم التاجورى,626,626,هارون محمد عبدالونيس محمد,452,452,عمر صالح محمد صالح,339,339,عوض حسين محمود الفسي,308,308,خالد المهدي يونس يوسف,163,163,محمد عوض هيبة عوض,136,136,عصام محمد ارجيعة مفتاح,120,120,بوبكر مفتاح امنيسي المبروك,91,91,ابراهيم صالح محمد التاعب,90,90,عبدالقادر ادريس الجبالى محمد,30,30,,,,,,,,,,,,,,,,,,,,,,,,,,,,,,,,,,,,,,,,,,,,,,,,,,,,,,,,,,,,,,,,,,,,,,,,,,,,,,,,,,,,,,,,,,,,,,,,,,,,,,,,,,,,,,,,,,,,,,,,,,,,,,,,,,,,,,,,,,,,,,,,,,,,,,,,,,,,,,,,,,,,,,,,,,,,,,,,,,,,,,,,,,,,,,,,,,,,,,,,,,,,,,,,,,,,,,,,,,,,,,,,,,,,,,,,,,,,,,,,,,,,,,,,,,,,,,,,,,,,,,,,,,,,,,,,,,,,,,,,,,,,,,,,,,,,,,
11,47,47,100.0,ابراهيم عبدالله عبدالسلام الزغيد,589,589,صالح سالم رحيل محمد,418,418,حميد محمد اسعيد عبدالجليل,399,399,حسين محمد عثمان ابوغزيل,383,383,مرعي علي سالم عبدالسلام,332,332,فتحي صالح عبدالسلام اسويسي,215,215,ابراهيم ابريك غيث ابريك,184,184,حكيم عبدالقادر محمد الحسين,169,169,عادل خليفة عمر الهادي,110,110,علي عبدالسلام محمد عبدالسلام,79,79,عبدالحفيظ محمد ميلاد محمد,48,48,,,,,,,,,,,,,,,,,,,,,,,,,,,,,,,,,,,,,,,,,,,,,,,,,,,,,,,,,,,,,,,,,,,,,,,,,,,,,,,,,,,,,,,,,,,,,,,,,,,,,,,,,,,,,,,,,,,,,,,,,,,,,,,,,,,,,,,,,,,,,,,,,,,,,,,,,,,,,,,,,,,,,,,,,,,,,,,,,,,,,,,,,,,,,,,,,,,,,,,,,,,,,,,,,,,,,,,,,,,,,,,,,,,,,,,,,,,,,,,,,,,,,,,,,,,,,,,,,,,,,,,,,,,,,,,,,,,,,,,,,,,,,,,,,,,,,,,,,,,,,,,
12,47,47,100.0,يوسف محمد كمود الفاخري,610,610,فتحي عمر علي الفاخري,465,465,راف الله سليمان ادم العوامي,463,463,لامين فضيل حسين علي,311,311,عطية علي محمد الرقاص,293,293,ابراهيم بشير مسعود الضبيطة,281,281,فيصل احمد الشريف الحرش,270,270,فرج ميلاد سليمان احمودة,253,253,سعد بشير دينار الفاخري,168,168,يونس احمد عقيلة عبدالقادر,13,13,يونس عبدالله يونس محمد,10,10,بشير عبدالحميد مصطفى ابراهيم,6,6,ذاوود حمد ذاوود الدوح,4,4,,,,,,,,,,,,,,,,,,,,,,,,,,,,,,,,,,,,,,,,,,,,,,,,,,,,,,,,,,,,,,,,,,,,,,,,,,,,,,,,,,,,,,,,,,,,,,,,,,,,,,,,,,,,,,,,,,,,,,,,,,,,,,,,,,,,,,,,,,,,,,,,,,,,,,,,,,,,,,,,,,,,,,,,,,,,,,,,,,,,,,,,,,,,,,,,,,,,,,,,,,,,,,,,,,,,,,,,,,,,,,,,,,,,,,,,,,,,,,,,,,,,,,,,,,,,,,,,,,,,,,,,,,,,,,,,,,,,,,,,,,,,,,,,,,,,,,,,,
13,119,119,100.0,فتح الله حسين عبدالكريم محمد,844,844,مصطفى احمد عبدالعالي محمد,784,784,محمد سعد حماد صالح,782,782,عمر السنوسى عمر ابسيط,663,663,خالد عبدالقادر سعيد اشلبى,641,641,فتحي سعد محمد حنطيش,582,582,فرج محمد عمر ابوبكر,423,423,سالم رحيل سليمان عيسى,372,372,محمد سليمان مسعود سعيد,359,359,صالح امحمد مقيل علي,351,351,جبريل حسن جبريل حسن,350,350,فرحات عبدالمجيد موسى محمد,313,313,منصور علي حمد الشريف,306,306,عيسى محمد عمر رشوان,273,273,محمد عبدالكريم المبروك ابراهيم,252,252,محمد سعد علي صالح,244,244,محمد خيرالله عبدالله الزربى,229,229,محمد عبدالسلام مصطفى موسى,227,227,نصر احمد محمود غربى,222,222,عبدالغني عبدالعزيز فرج القاسى,207,207,محمد عطية يونس امبارك,202,202,عثمان رمضان محمد اللافى,199,199,سليمان احمد محمد البرانى,197,197,عبدالمولى محبوب مرزوق ابراهيم,196,196,الصالحين ابراهيم سعد بوسهل,191,191,احمد محمد مهدي ارويعى,187,187,مفتاح علي حميد سعيد,186,186,فرج فضيل سوتية الشافعى,183,183,حمد عبدالنبى محمد معتوق,173,173,عبدالله احمد اللافى مفتاح,153,153,ناصر محمود مطرود ختال,150,150,محمد الصادق هلال حسين بوهدمه,140,140,خميس عوض الزوام حسن,140,140,علي ادريس محمد عيسى,137,137,عبدالسلام محمد محمد بدر,136,136,صالح ادريس بالقاسم عبدالقادر,131,131,اللافى حسن يونس حسن,131,131,احمد جاد الله بوبكر علي,129,129,محمد عبدالله حمد صالح,127,127,اسماعيل احميده عبدالكريم حسون,123,123,مفتاح عبدالله عبدالخالق سليمان,119,119,عقوب امراجع صالح عيسى,108,108,عبدالباسط صالح حمد ضو بن نجاح,108,108,عبدالنبي عطية صالح عبدالسلام,107,107,سالم موسى الزوام بو عائشة,107,107,فرج سالم داوود صالح,104,104,سعد مصطفى الزوام محمد,91,91,محمد صالح محمد منصور,76,76,حسن حمد عمر عبدالرحيم,69,69,المبروك ابوسيف امراجع مصطفى,69,69,محمد بومليحة محمد ادم,45,45,عبدالله موسى سعيد اعبيد,40,40,بالقاسم عمر عيسى الشريف,37,37,بوحلفاية الدليمى بوحلفاية الدليمى,35,35,محمد رجب عمر صالح,22,22,صالح حسن المهدى لبشاري,12,12,جبريل عبدالرحيم حمد بوشنة,7,7,محمد مفتاح منصور علي,4,4,محمد سلطان محمد سلطان,3,3,مفتاح محمد عثمان موسى,2,2,,,,,,,,,,,,,,,,,,,,,,,,,,,,,,,,,,,,,,,,,,,,,,,,,,,,,,,,,,,,,,,,,,,,,,,,,,,,,,,,,,,,,,,,,,,,,,,,,,,,,,,,,,,,,,,,,,,,,,,,,,,,,,,,,,,,,,,,,,,,,,,,,,,,,,,,,,,,
14,41,41,100.0,ادريس عبدالله ادريس فرج,460,460,ابريك حمد ابريك علي,367,367,فتحي خميس فضيل هيوب,236,236,ابوسيف صالح عبدالعالي امحمد,185,185,عبدالنبي فضيل مصباح البغيض,142,142,سالم جمعة الشريف عطية,139,139,محمد بالناصر سعيد ياسين,95,95,فرج عثمان يوسف عثمان,82,82,ادريس بالحسن بشير مصطفى,60,60,حسن مطرود الكيلانى صالح,3,3,,,,,,,,,,,,,,,,,,,,,,,,,,,,,,,,,,,,,,,,,,,,,,,,,,,,,,,,,,,,,,,,,,,,,,,,,,,,,,,,,,,,,,,,,,,,,,,,,,,,,,,,,,,,,,,,,,,,,,,,,,,,,,,,,,,,,,,,,,,,,,,,,,,,,,,,,,,,,,,,,,,,,,,,,,,,,,,,,,,,,,,,,,,,,,,,,,,,,,,,,,,,,,,,,,,,,,,,,,,,,,,,,,,,,,,,,,,,,,,,,,,,,,,,,,,,,,,,,,,,,,,,,,,,,,,,,,,,,,,,,,,,,,,,,,,,,,,,,,,,,,,,,,
15,33,33,100.0,فتحي عبدالرحيم محمد القباصى,1381,1381,,,,,,,,,,,,,,,,,,,,,,,,,,,,,,,,,,,,,,,,,,,,,,,,,,,,,,,,,,,,,,,,,,,,,,,,,,,,,,,,,,,,,,,,,,,,,,,,,,,,,,,,,,,,,,,,,,,,,,,,,,,,,,,,,,,,,,,,,,,,,,,,,,,,,,,,,,,,,,,,,,,,,,,,,,,,,,,,,,,,,,,,,,,,,,,,,,,,,,,,,,,,,,,,,,,,,,,,,,,,,,,,,,,,,,,,,,,,,,,,,,,,,,,,,,,,,,,,,,,,,,,,,,,,,,,,,,,,,,,,,,,,,,,,,,,,,,,,,,,,,,,,,,,,,,,,,,,,,,,,,,,,,,,,,,,,,
16,49,49,100.0,حمد محمد حمد عبدالرحمن ماقيق,770,770,عمر المبروك درمان عميش,711,711,محمد عبدالصمد علي قرباج,656,656,حسين محمد علي المصرى بوحليقة,344,344,ابراهيم عبدالهادي احمد محمد المجبرى,203,203,محمد عبدالفتاح ابراهيم الصابر,109,109,ابراهيم حسن عمر بازامة,42,42,,,,,,,,,,,,,,,,,,,,,,,,,,,,,,,,,,,,,,,,,,,,,,,,,,,,,,,,,,,,,,,,,,,,,,,,,,,,,,,,,,,,,,,,,,,,,,,,,,,,,,,,,,,,,,,,,,,,,,,,,,,,,,,,,,,,,,,,,,,,,,,,,,,,,,,,,,,,,,,,,,,,,,,,,,,,,,,,,,,,,,,,,,,,,,,,,,,,,,,,,,,,,,,,,,,,,,,,,,,,,,,,,,,,,,,,,,,,,,,,,,,,,,,,,,,,,,,,,,,,,,,,,,,,,,,,,,,,,,,,,,,,,,,,,,,,,,,,,,,,,,,,,,,,,,,,,,,
17,31,31,100.0,محمد موسى عبدالحميد دومة,532,532,المبروك احمد المبروك اجويلي,330,330,جاد المولى عبدالونيس محمد مسعود,177,177,محمد مسعود عبدالرحيم عقوب,110,110,المبروك فرج المبروك عبدالله,81,81,فرحات عطية يوسف الكاديكي,35,35,صلاح سعيد عبدالله قادروحة,4,4,شاكر عبدالحميد عبدالصمد عقوب,0,0,,,,,,,,,,,,,,,,,,,,,,,,,,,,,,,,,,,,,,,,,,,,,,,,,,,,,,,,,,,,,,,,,,,,,,,,,,,,,,,,,,,,,,,,,,,,,,,,,,,,,,,,,,,,,,,,,,,,,,,,,,,,,,,,,,,,,,,,,,,,,,,,,,,,,,,,,,,,,,,,,,,,,,,,,,,,,,,,,,,,,,,,,,,,,,,,,,,,,,,,,,,,,,,,,,,,,,,,,,,,,,,,,,,,,,,,,,,,,,,,,,,,,,,,,,,,,,,,,,,,,,,,,,,,,,,,,,,,,,,,,,,,,,,,,,,,,,,,,,,,,,,,,,,,,,,,
18,72,33,45.0,عبدالسلام شهى اللهي اقونية,3709,3709,عبدالكريم سليمان تكة التباوي,66,66,محمد رزي محمد مردي,12,12,علي بشير عبدالحميد بومطاري,1,1,طاهر حامد طاهر جيدالله,1,1,منير عبدالحميد حمد فكرون,0,0,سعيد مصطفى محمد امغيب,0,0,ناصر بوبكر صالح اقبيلي,0,0,فرج سالم محمد سالم,0,0,محمد عبدالرحيم محمد بوغزيل,0,0,خليل عبدالرحيم محمد الفضيل,0,0,طالب احمد طاهر جادالله,0,0,فريد محمد سليمان ادم,0,0,محمد حمد المبروك قادوم,0,0,مرعي ابوبكر محمود ارحيم,0,0,احمد محمد احمد بدر,0,0,السنوسي سالم عمر القمي,0,0,حامد بونخيلة حامد يحي,0,0,محمد حامد عبدالهادي الازرق,0,0,حامد سليمان صالح الحتة,0,0,,,,,,,,,,,,,,,,,,,,,,,,,,,,,,,,,,,,,,,,,,,,,,,,,,,,,,,,,,,,,,,,,,,,,,,,,,,,,,,,,,,,,,,,,,,,,,,,,,,,,,,,,,,,,,,,,,,,,,,,,,,,,,,,,,,,,,,,,,,,,,,,,,,,,,,,,,,,,,,,,,,,,,,,,,,,,,,,,,,,,,,,,,,,,,,,,,,,,,,,,,,,,,,,,,,,,,,,,,,,,,,,,,,,,,,,,,,,,,,,,,,,,,,,,,,,,,,,,,,,,,,,,,,,,,,,,,,,
19,54,54,100.0,صالح عبدالكريم امجاهد افحيمة,514,514,عامر عمران نصر ابوبكر,485,485,محمد عبدالله محمد ابوشامخة,455,455,حسين عبدالسلام ابراهيم عبدالسلام,305,305,غيث احمد سيف النصر سيف النصر,301,301,فضيل الصقر محمد فاضل,268,268,يوسف عمر المهدي ادياب,186,186,محمد فرج محمود حسين,160,160,محمود عبدالرسول صالح النعاس,132,132,زيدان محمد مسعود ابوحواء,95,95,عبدالرحمن السنوسي بشير مسعود,91,91,فرج هيبة حسن هيبة,10,10,مفتاح عمران محمد لملوم,7,7,,,,,,,,,,,,,,,,,,,,,,,,,,,,,,,,,,,,,,,,,,,,,,,,,,,,,,,,,,,,,,,,,,,,,,,,,,,,,,,,,,,,,,,,,,,,,,,,,,,,,,,,,,,,,,,,,,,,,,,,,,,,,,,,,,,,,,,,,,,,,,,,,,,,,,,,,,,,,,,,,,,,,,,,,,,,,,,,,,,,,,,,,,,,,,,,,,,,,,,,,,,,,,,,,,,,,,,,,,,,,,,,,,,,,,,,,,,,,,,,,,,,,,,,,,,,,,,,,,,,,,,,,,,,,,,,,,,,,,,,,,,,,,,,,,,,,,,,,
20,117,116,99.0,زائد هدية عطية ابوبكر,1093,1093,حسن صالح محمد الزرقاء,875,875,ابوبكر محمد عمر محمد,723,723,التهامي محمد علي احواس,618,618,محمد صرار معتوق السبيعي,530,530,فرج علي محمد ابراهيم الدروعي,398,398,انور الهيشي عبدالله الزيداني,347,347,رمضان عمران رمضان بومدينة,257,257,علي مفتاح المبروك العواي,241,241,اسماعيل علي محمد العريق,225,225,علي محمد علي ارويحة,172,172,سالم مرعي سالم محمد,110,110,سمير عبدالسلام عبدالله الجالي,104,104,محمد سالم محمد بن غزي,62,62,عبدالكريم مصباح علي سعيد,61,61,علي الغناي فرحات النعاس,52,52,فتحي احمد محمد عبدالحفيظ,46,46,علي كركرة عمر ابوستة,26,26,محمد مفتاح صالح دخيل,23,23,عبدالنبي سعد صالح عبدالمقصود,17,17,بشير معتوق جبريل مفتاح,12,12,,,,,,,,,,,,,,,,,,,,,,,,,,,,,,,,,,,,,,,,,,,,,,,,,,,,,,,,,,,,,,,,,,,,,,,,,,,,,,,,,,,,,,,,,,,,,,,,,,,,,,,,,,,,,,,,,,,,,,,,,,,,,,,,,,,,,,,,,,,,,,,,,,,,,,,,,,,,,,,,,,,,,,,,,,,,,,,,,,,,,,,,,,,,,,,,,,,,,,,,,,,,,,,,,,,,,,,,,,,,,,,,,,,,,,,,,,,,,,,,,,,,,,,,,,,,,,,,,,,,,,,,,,,,,,,,,
21,61,61,100.0,اسماعيل محمد بشير اسماعيل,704,704,معاد رافع صالح مسعود,612,612,مصطفى محمد امحمد العكشي,411,411,بشير محمد احمد الجللي,398,398,حمد محمد عبدالهادي كرشود,356,356,حمد موسى مرزوق محمد,353,353,عبدالسلام عبدالله بشير عمران,353,353,احمد محمد احمد الدنقلي,347,347,احمد السنوسي بشير العربي,312,312,عبدالهادي السنوسي الحاج احمد,239,239,احمد محمد حسن ابوالقاسم,209,209,جهاد محمد العربي علي العربي,183,183,فوزي هاشم محمد هاشم,145,145,محمد علي عبدالجليل الجروالي,120,120,علي محمد علي احميد,104,104,خالد محمد هاشم علي,86,86,امبارك عبدالسلام محمد عقيل,83,83,عبدالحكيم احميد حسن الاحيول,46,46,اسامة عبدالله حميدة الشيخ,27,27,,,,,,,,,,,,,,,,,,,,,,,,,,,,,,,,,,,,,,,,,,,,,,,,,,,,,,,,,,,,,,,,,,,,,,,,,,,,,,,,,,,,,,,,,,,,,,,,,,,,,,,,,,,,,,,,,,,,,,,,,,,,,,,,,,,,,,,,,,,,,,,,,,,,,,,,,,,,,,,,,,,,,,,,,,,,,,,,,,,,,,,,,,,,,,,,,,,,,,,,,,,,,,,,,,,,,,,,,,,,,,,,,,,,,,,,,,,,,,,,,,,,,,,,,,,,,,,,,,,,,,,,,,,,,,,,,,,,,,,
22,118,117,99.0,ابراهيم مصباح الهادي علي,1319,1319,مصباح دومه امحمد اوحيدة,1189,1189,احمد الشارف الصغير ارحومه,912,912,محمد عبدالسلام محمد عريفة,898,898,محمد معتوق اجديد محمد اجديد,782,782,محمد المهدي محمد عبدالسلام الحضيري,713,713,يوسف كاليكورى قتى سيدى,533,533,جمعة احمد علي دله,529,529,خالد ابراهيم محمد احميده,507,507,عيسى السنوسي العمراوى العمراوى,450,450,حفاف عمر علي الاسود,440,440,ابراهيم نصر عبدالله عبدالرحمن,431,431,ادريس حمد ابوبكر محمد,428,428,سليمان يونس ابوبكر سعيد,389,389,عثمان احمد مسعود احمد احمد,378,378,خالد علي ابراهيم علي عزاقه,341,341,صلاح الدين صالح علي زيدان,309,309,محمد حسن عمر المنصوري,304,304,يونس ادريس الشارف الشاوش خويط,292,292,احمد ابراهيم عبدالله ابراهيم,250,250,الهادي بشير الهادى علي المبروك,247,247,الفتحي محمد يوسف سالم الفلاني,240,240,علي عثمان الهمالي نصر,240,240,ابراهيم علي حامد احمد الحضيري,236,236,لامين اشتيوي محمد عبدالرحمن مغاير,229,229,يامن احمد علي احمودة,217,217,الزروق عبدالله الزروق عبدالله,185,185,احمد الشيخ مسعود الرقاب,172,172,عمر محمد علي الحميرى,159,159,علي مبروك خميس احميدة,151,151,سالم محمد سالم احواس,147,147,خالد حسين ابوبكر عيسى شكل,142,142,محمد ابوطبل علي ابوطبل,138,138,مسعود عبدالله مسعود احمد,128,128,احمد علي الشيباني جلغم,123,123,صالح احمد بالحسن مرعي اعمر,121,121,احمد محمد علي محمد,115,115,اسامة محمد ابراهيم الجليدى,99,99,الاخضر ابراهيم محمد السعيدى,92,92,الصديق محمد عمر علي ميلاد,90,90,جمال الزروق ايوب الزروق,88,88,خالد مسعود عبدالله محمد صمدي,84,84,ابراهيم مصطفى عبدالله محمد الدلنسى,83,83,اشرف علي حسن علي صقاره,82,82,محمد  الفرجانى  حسن  الوحشى,76,76,سالم احميد علي مبارك,71,71,ادم حامد مبروك خير,67,67,عيسى عاشور احميدة عيسى,54,54,احمد احمد محمد لملوم عمار,50,50,علي حسن بياض علي,49,49,الكيلانى ابوبكر ابوبكر احجاز,32,32,ابوالقاسم احمد الحاج مسعود دادي,22,22,محمد بدي حسن كواكواي,20,20,محمد احمد عبدالعزيز عمر,19,19,عامر علي عامر سالم,19,19,عيسى عبدالسلام محمود قنون,15,15,عبدالسلام محمد حسن غومه,8,8,ابراهيم مسعود ابراهيم صالح اشتيوى,5,5,محمد زقير برجله بوعزوم,5,5,عبدالقادر عيسى احمد العيساوي,3,3,,,,,,,,,,,,,,,,,,,,,,,,,,,,,,,,,,,,,,,,,,,,,,,,,,,,,,,,,,,,,,,,,,,,,,,,,,,,,,,,,,,,,,,,,,,,,,,,,,,,,,,,,,,,,,,,,,,,,,,,,,,,,,,,,,,,,,,,,,,,,,,,,,,,,,,,,,,,
23,114,112,98.0,علي السعيدي سعد القائدي,864,864,عبدالله محمد عبدالله نصر لحنيش,839,839,الهادي علي محمد الصغير,809,809,ابوصلاح عبدالسلام ابوصلاح شلبي,797,797,مفتاح عيسى ابوبكر محمد الكرتيحي,705,705,رجب مفتاح عمار جمعه عمار,614,614,عبدالغني حسن ميلاد تومي,597,597,جمعة فكرون احمد دخيل فكرون,533,533,سالم احمد ميهوب القطعي,503,503,ابراهيم ابوالقاسم محمد الاصفر,389,389,ادريس ابوالقاسم عطاف محمد,373,373,عمر عبدالله علي عيسى,360,360,عيسى عبدالجليل ابوبكر ابوجناح,359,359,عبدالحكيم محمد عبدالقادر خلف الله,333,333,عمر جمعة سلطان ابراهيم احنيش,323,323,المهدي بشير محمد المهدي الشريف,315,315,رافع موسى سعد بحرى,313,313,ايمن محمد احمد سالم السريتي,304,304,محمد ادياب محمد جديرية,284,284,علي ابوبكر قاسم ابراهيم فضل,254,254,الزروق خليفة الزروق مصباح ابوجناح,247,247,يحى حسين محمد ساير,240,240,رياض سالم امحمد سليمان مرعى,226,226,عادل محمد الكيلاني القاضي,219,219,علي محمد امحمد ابوعزوم,211,211,محمد حامد الازهري علي الهمالي,200,200,محمد علي سالم المبروك محمد,194,194,اسماعيل ابراهيم احمد خليفة,192,192,حسن محمد سليم سالم,189,189,ابوبكر عمر محمد ابوالقاسم اسماعيل,188,188,محمد عبدالله علي عبدالكريم,187,187,محمد السالم عبدالسلام محمد السالم عبدالله,181,181,حاتم مصباح التومي ابوزيان,177,177,علي خيرالدين الصيد امحمد عمر,175,175,عبدالحميد محمد الصديق عبدالقادر احمد,173,173,علي بشير سعد ماضي,164,164,ابوالقاسم علي محمد محمود,158,158,حامد عبدالسلام عبدالله البغدادى,154,154,اسامة علي احمد حسين,154,154,ناصر ابوالعيد علي سالم ابوستة,142,142,عبدالمجيد محمد محمد اشعيوي,142,142,مسعود فرج مسعود ابوكليش,140,140,عبدالله فرحات عبدالله المغربي,131,131,زكريا عبدالقادر امحمد صمبه,125,125,احمد ابوبكر ماتكو نينو,115,115,عبدالباسط احمد ابوبكر شعشوع,112,112,عمر محمد امحمد ابوخزام,108,108,محمد السائح عبدالحفيظ عيسى ابوكم,106,106,محمد سالم علي التامزوي,99,99,محمد ابوبكر علي حسن دبيلة,98,98,سالم عبدالله سالم المجدولي,98,98,محمد دروخ ناجم عبدالله وريق,92,92,محمود فرج علي عمر,90,90,اسعد حسين محمد بلبان,85,85,عبدالله علي عبدالله احمد,78,78,سالم علي المهدي سالم عبدالله,71,71,محمد احمد عيسى السرحاني,69,69,ابوبكر محمد البلبالي احمد,68,68,احمد الحاج علي امبية,61,61,عبدالمنعم سالم سعد قراد,56,56,سالم علي الهاشمي منه,52,52,احمد عمار سالم عمار,48,48,الزروق مصباح محمد ابوجناح,48,48,خالد القدري عبدالقادر امريمي,47,47,محمد علي موهوب محمد شهاب الدين,42,42,رجب عبدالسلام سالم امبارك,36,36,ابراهيم مشرى محمد بشير,35,35,عبدالقادر ابراهيم منصور منصور,33,33,محمد الصادق محمد البكوش,31,31,ناجي علي امحمد علي,23,23,حسن علي محمد الخازمي,19,19,محمود محمد علي الشنيني,16,16,علاءالدين حسن سعد حسن المبروك,9,9,امحمد علي ابوالقاسم احمد,5,5,حمزة القدافي مسعود سالم بقص,3,3,انور احمد عمار جمعه عمار,3,3,علي السائح سعد الاحيمر,1,1,المنتصر خليفة عبدالرحمن ابراهيم,1,1,,,,,,,,,,,,,,,,,,,,,,,,,,,,,,,,,,,,,,,,,,,,,,,,,,,,,,,,,,,,,,,,,,,,,,,,,,,,,,,,,,,,,,,,,,,,,,,,,,,,,,
24,102,102,100.0,عبدالحفيظ محمد عبدالحفيظ الصغير,760,760,عبدالقادر حسن يحي سليمان,660,660,حسن ابوبكر عمر صالح,641,641,عبدالسلام محمد عبدالسلام محمد علي,641,641,ابراهيم محمد كرنفودة احمد,629,629,عيسى محمد عبدالله وردكو,582,582,سالم محمد محمد صالح السكالي,571,571,حسن محمد الشيبو محمد علي سعدالله,450,450,محمد بركة عبدالسلام رمضان احجيل,401,401,علي عبدالرزاق عبدالسلام العربي,399,399,المهدي عبدالسلام المهدي الزوين,397,397,عيسى علي الامين ادم,383,383,حسن محمد علي اغليان,380,380,يوسف عبدالهادي ابوبكر عبدالحفيظ,313,313,ابراهيم الخليل عبدالسلام مسعود علي,302,302,عبدالسلام امحمد محمد اكريو,230,230,الامين عبدالكريم عبدالسلام عبدالكريم,227,227,شعبان محمد علي صالح,217,217,عبدالكبير مختار محمد صوله,182,182,مفتاح ابوالقاسم عبدالسلام ابو القاسم,181,181,بلقاسم سالم عبدالواحد الصادق,171,171,محمد الوافي محمد الشريف,169,169,عادل احمد الصالحين عبدالرحيم,167,167,سمير يوسف الجيلاني الزروق,164,164,احمد محمد ربوه ربوه,162,162,الامين عبدالحفيظ علي شنقلة,151,151,احمد محمد علي محمد الانصاري,139,139,جمال بشير محمد الكنتي,131,131,علي جبريل محمد جبريل,130,130,زيدان الصديق محمد ابوسيف,128,128,ابوسيف خليل محمد ابوسيف,124,124,مسعود عبدالسلام غيث الخضر,124,124,حسين محمد احمد الانصاري,122,122,سالم الامين عبدالقادر الامين,118,118,مسعود علي ابوصلاح الخير,117,117,علي عبدالقادر محمد التواتي,108,108,عبدالقادر سالم عبدالسلام التحبو,102,102,ابوستة المدني رجب شاكبه,91,91,محي الدين عبدالقادر عبدالهادي صالح,89,89,محمد صالح محمد الشيخ,81,81,محمد الطاهر سليمان علي امبلو,66,66,صالح سليمان حيد محمد,50,50,عبدالنبي محمد احسين محفوظ دومه,46,46,عبدالجليل محمد عبدالجليل قجيرة,45,45,امبارك احمد الخير امبارك,45,45,عبدالله صالح صالح علي,34,34,محمد عبدالسلام محمد انداره,33,33,عبدالرزاق حسن عبدالرزاق ابوصلاح,18,18,معاد احمد عبدالرحمن محمد انصير,7,7,محمد احمد كولو لافي,7,7,مفتاح ابراهيم الامين البكوش,7,7,خالد محمد تاج الدين محمد احمد,6,6,موسى سليمان ساسي محمود,4,4,,,,,,,,,,,,,,,,,,,,,,,,,,,,,,,,,,,,,,,,,,,,,,,,,,,,,,,,,,,,,,,,,,,,,,,,,,,,,,,,,,,,,,,,,,,,,,,,,,,,,,,,,,,,,,,,,,,,,,,,,,,,,,,,,,,,,,,,,,,,,,,,,,,,,,,,,,,,,,,,,,,,,,,,,,,,,,,,,
25,42,42,100.0,نصر يوسف محمد الغرياني,524,524,صالح همه محمد بكده,380,380,علي موسى علي علي,358,358,محمد العربي حميدة العربي,289,289,مصطفى ابوبكر مصطفى مصطفى بركة,273,273,محمد الصافي ابراهيم عبدالرحمن الانصاري,270,270,جمال محمد بابا عبدالكريم انفوني,165,165,الحبيب احمد حسن الحبيب,107,107,اسماعيل كنيس علي زنقينه,107,107,محمد اشمد محمد اوتكه,92,92,عيسى بيلال كزركة زماكي,82,82,عبدالرحيم احمد بابا محمد سيدي احمد,71,71,ابكدا محمد علي كلاله,52,52,عمر ابراهيم ماخي عبدالقادر,49,49,رمزي علي منصور الثني,31,31,نوري رمضان محمد ابو,23,23,,,,,,,,,,,,,,,,,,,,,,,,,,,,,,,,,,,,,,,,,,,,,,,,,,,,,,,,,,,,,,,,,,,,,,,,,,,,,,,,,,,,,,,,,,,,,,,,,,,,,,,,,,,,,,,,,,,,,,,,,,,,,,,,,,,,,,,,,,,,,,,,,,,,,,,,,,,,,,,,,,,,,,,,,,,,,,,,,,,,,,,,,,,,,,,,,,,,,,,,,,,,,,,,,,,,,,,,,,,,,,,,,,,,,,,,,,,,,,,,,,,,,,,,,,,,,,,,,,,,,,,,,,,,,,,,,,,,,,,,,,,,,,,,
26,38,38,100.0,محمد علي عبدالله امدور امومن,611,611,ابراهيم محمد احمد الامين باشا,443,443,عبدالسلام الحاج حسن محمدين كرمي,323,323,عبدالرحمن محمد احمد الصالحين,273,273,الناصر علي الشامسي الشامسي,238,238,محمد احمد علي الامين باشا,196,196,عبدالوهاب محمد علي ابراهيم عبدالوهاب,137,137,فتحي رجب الامين اعبيدات,118,118,عبدالمحسن احمد المهدي مطر,111,111,محمد احمد محمد احمد حسن,78,78,عائشة منصور المهدي الصديق,64,64,صبحي الصالحين عبدالعالي يوسف,39,39,رجب سعد محمد علي بن يحمد,25,25,,,,,,,,,,,,,,,,,,,,,,,,,,,,,,,,,,,,,,,,,,,,,,,,,,,,,,,,,,,,,,,,,,,,,,,,,,,,,,,,,,,,,,,,,,,,,,,,,,,,,,,,,,,,,,,,,,,,,,,,,,,,,,,,,,,,,,,,,,,,,,,,,,,,,,,,,,,,,,,,,,,,,,,,,,,,,,,,,,,,,,,,,,,,,,,,,,,,,,,,,,,,,,,,,,,,,,,,,,,,,,,,,,,,,,,,,,,,,,,,,,,,,,,,,,,,,,,,,,,,,,,,,,,,,,,,,,,,,,,,,,,,,,,,,,,,,,,,,
27,64,53,82.0,محمد ادم محمد لينو,3060,3060,ابوبكر محمد محمد التارقي,2576,2576,منير النور السبتي السبتي,572,572,شاكر الدردير ابراهيم علوه,65,65,ابراهيم محمد صالح ابراهيم الحاج علي,29,29,محمد محمد عثمان عثمان,14,14,محمد وردكو انر يحى,14,14,عبدالقادر صالح عبدالكريم بن عبيد,11,11,,,,,,,,,,,,,,,,,,,,,,,,,,,,,,,,,,,,,,,,,,,,,,,,,,,,,,,,,,,,,,,,,,,,,,,,,,,,,,,,,,,,,,,,,,,,,,,,,,,,,,,,,,,,,,,,,,,,,,,,,,,,,,,,,,,,,,,,,,,,,,,,,,,,,,,,,,,,,,,,,,,,,,,,,,,,,,,,,,,,,,,,,,,,,,,,,,,,,,,,,,,,,,,,,,,,,,,,,,,,,,,,,,,,,,,,,,,,,,,,,,,,,,,,,,,,,,,,,,,,,,,,,,,,,,,,,,,,,,,,,,,,,,,,,,,,,,,,,,,,,,,,,,,,,,,,
28,34,34,100.0,محمد ابراهيم اسماعيل تامر,331,331,ابراهيم المهدي احمد الصوفي,212,212,عبدالقادر عبدالله محمد جبريل,164,164,فرحات محمد عبدالله حمزة,129,129,محمد منصور سعيد شكره,128,128,,,,,,,,,,,,,,,,,,,,,,,,,,,,,,,,,,,,,,,,,,,,,,,,,,,,,,,,,,,,,,,,,,,,,,,,,,,,,,,,,,,,,,,,,,,,,,,,,,,,,,,,,,,,,,,,,,,,,,,,,,,,,,,,,,,,,,,,,,,,,,,,,,,,,,,,,,,,,,,,,,,,,,,,,,,,,,,,,,,,,,,,,,,,,,,,,,,,,,,,,,,,,,,,,,,,,,,,,,,,,,,,,,,,,,,,,,,,,,,,,,,,,,,,,,,,,,,,,,,,,,,,,,,,,,,,,,,,,,,,,,,,,,,,,,,,,,,,,,,,,,,,,,,,,,,,,,,,,,,,,
29,30,30,100.0,المهدي مسعود حسين الاعور,246,246,حمد محمد امحمد طاهر,229,229,عبدالسلام علي ابراهيم صفور,115,115,عبدالله الامين عبدالله الجنيدي,109,109,محمد عبدالنبي بقي بقي,80,80,عبدالله عبدالسلام سالم الطاهر,5,5,,,,,,,,,,,,,,,,,,,,,,,,,,,,,,,,,,,,,,,,,,,,,,,,,,,,,,,,,,,,,,,,,,,,,,,,,,,,,,,,,,,,,,,,,,,,,,,,,,,,,,,,,,,,,,,,,,,,,,,,,,,,,,,,,,,,,,,,,,,,,,,,,,,,,,,,,,,,,,,,,,,,,,,,,,,,,,,,,,,,,,,,,,,,,,,,,,,,,,,,,,,,,,,,,,,,,,,,,,,,,,,,,,,,,,,,,,,,,,,,,,,,,,,,,,,,,,,,,,,,,,,,,,,,,,,,,,,,,,,,,,,,,,,,,,,,,,,,,,,,,,,,,,,,,,,,,,,,,,
30,32,32,100.0,احميد حمد علي حومه,464,464,عبدالسلام صالح عبدالسلام الضب,323,323,ابوبكر احمد محمد الشريف,173,173,عبدالحفيظ ابوزيد احمد عبدالغني,123,123,عبدالسلام منصور علي الشنيبات,112,112,محمد البغدادي بريش البغدادي,39,39,محمد احميد صالح زيدان,14,14,حسن عبدالسلام علي عمران,9,9,,,,,,,,,,,,,,,,,,,,,,,,,,,,,,,,,,,,,,,,,,,,,,,,,,,,,,,,,,,,,,,,,,,,,,,,,,,,,,,,,,,,,,,,,,,,,,,,,,,,,,,,,,,,,,,,,,,,,,,,,,,,,,,,,,,,,,,,,,,,,,,,,,,,,,,,,,,,,,,,,,,,,,,,,,,,,,,,,,,,,,,,,,,,,,,,,,,,,,,,,,,,,,,,,,,,,,,,,,,,,,,,,,,,,,,,,,,,,,,,,,,,,,,,,,,,,,,,,,,,,,,,,,,,,,,,,,,,,,,,,,,,,,,,,,,,,,,,,,,,,,,,,,,,,,,,
31,40,40,100.0,صالح قلمه يسكو دركوي,1318,1318,حسين احمد الرشيد احمد,980,980,مولى الزروق ابراهيم قرصدى,10,10,احمد بركة سيدى محمد,8,8,المهدي ورضمي الامين قدينو,7,7,,,,,,,,,,,,,,,,,,,,,,,,,,,,,,,,,,,,,,,,,,,,,,,,,,,,,,,,,,,,,,,,,,,,,,,,,,,,,,,,,,,,,,,,,,,,,,,,,,,,,,,,,,,,,,,,,,,,,,,,,,,,,,,,,,,,,,,,,,,,,,,,,,,,,,,,,,,,,,,,,,,,,,,,,,,,,,,,,,,,,,,,,,,,,,,,,,,,,,,,,,,,,,,,,,,,,,,,,,,,,,,,,,,,,,,,,,,,,,,,,,,,,,,,,,,,,,,,,,,,,,,,,,,,,,,,,,,,,,,,,,,,,,,,,,,,,,,,,,,,,,,,,,,,,,,,,,,,,,,,,
32,105,105,100.0,سليمان عمر محمد الحراري,1275,1275,صلاح علي الشيباني زوبيك,876,876,نعيم محمد علي عبدالرحمن,738,738,توفيق حسين شعبان ابوزيد,580,580,كمال عبدالمجيد محمد سالم,542,542,عبدالونيس مهدب احمد حفاف,539,539,عبدالخالق محمد بلعيد الدايخ,528,528,يوسف محمد العجيلي ابوشاقور,492,492,خالد مصباح سالم عبادي,467,467,فتحي العربي ابراهيم يوسف,408,408,عبدالواحد جمعة محمد قداره,389,389,خليفة عبدالله خليفة حسن,372,372,وحيد محمد عبدالجليل برشان,366,366,السنوسي عمر محمد سعيد,316,316,عادل احمد عمر فرج,303,303,عاشور عبدالله عمر سويسي,257,257,محمود توفيق عبدالسلام امحمد,238,238,احمد جمعة علي طروم,220,220,محمد احميد محمد الرطيل,206,206,صالح مصباح صالح الشتيوي,200,200,محمد مفتاح محمد الرزاقي,187,187,محمد جمعة بلعيد الطويل,139,139,وجدي خليفة عبدالسلام سالم,99,99,عبدالمجيد زيدان انطاط الشريف,95,95,منصور عبدالكريم رمضان الطير,83,83,يونس ابوعبدالله المصري المصري,74,74,عبدالسلام صالح عبدالسلام عبدالرسول,68,68,نجيب محمد عمر الباجي,48,48,طارق عبدالسلام العجيلي وزيرة,45,45,نصرالدين عبدالسلام سعد حسين,35,35,,,,,,,,,,,,,,,,,,,,,,,,,,,,,,,,,,,,,,,,,,,,,,,,,,,,,,,,,,,,,,,,,,,,,,,,,,,,,,,,,,,,,,,,,,,,,,,,,,,,,,,,,,,,,,,,,,,,,,,,,,,,,,,,,,,,,,,,,,,,,,,,,,,,,,,,,,,,,,,,,,,,,,,,,,,,,,,,,,,,,,,,,,,,,,,,,,,,,,,,,,,,,,,,,,,,,,,,,,,,,,,,,,,,,,,,,,,,,,,,,,,,,,
33,44,44,100.0,عبدالوهاب عمر خليفة زولية,1309,1309,موسى محمد محمد زنين,1056,1056,الصديق عثمان احمد الساعدي,528,528,عبدالحميد امحمد المهدي بلقاسم,17,17,هشام البشير علي المقطوف,7,7,موسى عبدالله محمد بقر,3,3,,,,,,,,,,,,,,,,,,,,,,,,,,,,,,,,,,,,,,,,,,,,,,,,,,,,,,,,,,,,,,,,,,,,,,,,,,,,,,,,,,,,,,,,,,,,,,,,,,,,,,,,,,,,,,,,,,,,,,,,,,,,,,,,,,,,,,,,,,,,,,,,,,,,,,,,,,,,,,,,,,,,,,,,,,,,,,,,,,,,,,,,,,,,,,,,,,,,,,,,,,,,,,,,,,,,,,,,,,,,,,,,,,,,,,,,,,,,,,,,,,,,,,,,,,,,,,,,,,,,,,,,,,,,,,,,,,,,,,,,,,,,,,,,,,,,,,,,,,,,,,,,,,,,,,,,,,,,,,
34,40,36,90.0,اكرم عيسى عمر خليفة,481,481,,,,,,,,,,,,,,,,,,,,,,,,,,,,,,,,,,,,,,,,,,,,,,,,,,,,,,,,,,,,,,,,,,,,,,,,,,,,,,,,,,,,,,,,,,,,,,,,,,,,,,,,,,,,,,,,,,,,,,,,,,,,,,,,,,,,,,,,,,,,,,,,,,,,,,,,,,,,,,,,,,,,,,,,,,,,,,,,,,,,,,,,,,,,,,,,,,,,,,,,,,,,,,,,,,,,,,,,,,,,,,,,,,,,,,,,,,,,,,,,,,,,,,,,,,,,,,,,,,,,,,,,,,,,,,,,,,,,,,,,,,,,,,,,,,,,,,,,,,,,,,,,,,,,,,,,,,,,,,,,,,,,,,,,,,,,,
35,49,43,87.0,طارق ابوبكر امحمد ابوهيسة,2717,2717,عادل عبدالسلام ميلاد ابورقيقة,429,429,مصباح عبدالسلام سالم احمد,418,418,مسعود عيسى محمد العرضاوي,149,149,جمعة محمد التومي محمد الوحيشي,42,42,موسى الهادي احمد سالم,38,38,جويد عبدالقادر محمد سالم,24,24,محمد سالم سعيد العجيلي,14,14,خالد عبدالواحد احمد الشماخي,13,13,محمد ابراهيم محمد سعيد,2,2,اسامة احمد سعيد الكشريو,1,1,,,,,,,,,,,,,,,,,,,,,,,,,,,,,,,,,,,,,,,,,,,,,,,,,,,,,,,,,,,,,,,,,,,,,,,,,,,,,,,,,,,,,,,,,,,,,,,,,,,,,,,,,,,,,,,,,,,,,,,,,,,,,,,,,,,,,,,,,,,,,,,,,,,,,,,,,,,,,,,,,,,,,,,,,,,,,,,,,,,,,,,,,,,,,,,,,,,,,,,,,,,,,,,,,,,,,,,,,,,,,,,,,,,,,,,,,,,,,,,,,,,,,,,,,,,,,,,,,,,,,,,,,,,,,,,,,,,,,,,,,,,,,,,,,,,,,,,,,,,,,,,
36,36,36,100.0,عمر سالم امحمد العربي,232,232,عبدالكريم ابوبكر ابراهيم المزوغي,213,213,ابراهيم سالم ابوالقاسم الشيباني,179,179,سالم علي خليفة القمودي,172,172,فاتح احمد محمد ابو الطويرات,156,156,عبدالباسط محمد محمد طابون,99,99,امحمد المبروك سالم السعدي,86,86,مصطفى امحمد محمد عبدالكريم,67,67,ناصر محمد علي الدحنوس,43,43,عادل علي محمد سالم,24,24,,,,,,,,,,,,,,,,,,,,,,,,,,,,,,,,,,,,,,,,,,,,,,,,,,,,,,,,,,,,,,,,,,,,,,,,,,,,,,,,,,,,,,,,,,,,,,,,,,,,,,,,,,,,,,,,,,,,,,,,,,,,,,,,,,,,,,,,,,,,,,,,,,,,,,,,,,,,,,,,,,,,,,,,,,,,,,,,,,,,,,,,,,,,,,,,,,,,,,,,,,,,,,,,,,,,,,,,,,,,,,,,,,,,,,,,,,,,,,,,,,,,,,,,,,,,,,,,,,,,,,,,,,,,,,,,,,,,,,,,,,,,,,,,,,,,,,,,,,,,,,,,,,
37,34,34,100.0,محمد احمد امحمد نيقرو,553,553,علي امبارك محمد جعاط,356,356,احمد العابد خليفة عبدالله,355,355,محمد سعدالله احمد محمد,250,250,عبدالله الكيلاني جمعة الواعر,157,157,حسين احمد احميد خليفة,133,133,مصطفى خليفة علي محمد,92,92,ساسي عمران ساسي شوشان,56,56,,,,,,,,,,,,,,,,,,,,,,,,,,,,,,,,,,,,,,,,,,,,,,,,,,,,,,,,,,,,,,,,,,,,,,,,,,,,,,,,,,,,,,,,,,,,,,,,,,,,,,,,,,,,,,,,,,,,,,,,,,,,,,,,,,,,,,,,,,,,,,,,,,,,,,,,,,,,,,,,,,,,,,,,,,,,,,,,,,,,,,,,,,,,,,,,,,,,,,,,,,,,,,,,,,,,,,,,,,,,,,,,,,,,,,,,,,,,,,,,,,,,,,,,,,,,,,,,,,,,,,,,,,,,,,,,,,,,,,,,,,,,,,,,,,,,,,,,,,,,,,,,,,,,,,,,
38,35,35,100.0,صلاح الصهبي علي بلحوق,416,416,عبدالوهاب الصادق الطاهر عراب,282,282,عبدالمنعم عمر خليفة المروم,241,241,عمر احمد عبدالجليل جدول,214,214,الهادي عمر محمد الفلوس,137,137,مصطفى علي المهدي غريبي,51,51,,,,,,,,,,,,,,,,,,,,,,,,,,,,,,,,,,,,,,,,,,,,,,,,,,,,,,,,,,,,,,,,,,,,,,,,,,,,,,,,,,,,,,,,,,,,,,,,,,,,,,,,,,,,,,,,,,,,,,,,,,,,,,,,,,,,,,,,,,,,,,,,,,,,,,,,,,,,,,,,,,,,,,,,,,,,,,,,,,,,,,,,,,,,,,,,,,,,,,,,,,,,,,,,,,,,,,,,,,,,,,,,,,,,,,,,,,,,,,,,,,,,,,,,,,,,,,,,,,,,,,,,,,,,,,,,,,,,,,,,,,,,,,,,,,,,,,,,,,,,,,,,,,,,,,,,,,,,,,
40,43,43,100.0,عبدالسلام عبدالله امحمد نصية,486,486,عمر غيث قرميل ابوكدر,374,374,علي محمد محمد عامر,160,160,محمد عبدالقادر سالم بيترو,153,153,عبدالله احمد محمد القحيص,69,69,خليفة محمد علي بن علي,47,47,عبدالله ابراهيم علي سحبانة,43,43,,,,,,,,,,,,,,,,,,,,,,,,,,,,,,,,,,,,,,,,,,,,,,,,,,,,,,,,,,,,,,,,,,,,,,,,,,,,,,,,,,,,,,,,,,,,,,,,,,,,,,,,,,,,,,,,,,,,,,,,,,,,,,,,,,,,,,,,,,,,,,,,,,,,,,,,,,,,,,,,,,,,,,,,,,,,,,,,,,,,,,,,,,,,,,,,,,,,,,,,,,,,,,,,,,,,,,,,,,,,,,,,,,,,,,,,,,,,,,,,,,,,,,,,,,,,,,,,,,,,,,,,,,,,,,,,,,,,,,,,,,,,,,,,,,,,,,,,,,,,,,,,,,,,,,,,,,,
41,66,56,84.0,فهمي عبدالرحمن علي التواتي,2456,2456,علي محمد ابوالقاسم ابراهيم,1226,1226,احمد علي احمد عمر,756,756,احمد السنوسي احمد علي,68,68,طلال محمد علي بشير,23,23,الطاهر ضو مسعود علي الرفاعي,16,16,محمد احمد سالم المبروك سالم,11,11,منير عبدالله سعد مكاري,10,10,مصطفى محمد ابراهيم غريبة,5,5,حسن ابراهيم خليفة الحرك,4,4,اسماعيل المختار علي شعالة,3,3,المبروك علي مسعود الشويشين الجلد,2,2,الطاهر محمد علي غريبة,2,2,فرج امحمد مسعود حسن,2,2,ابراهيم محمد امحمد غريبة,2,2,حسن عبدالسلام المبروك ابراهيم الشنشاني,1,1,موسى احمد محمد امحمد الرقيق,1,1,رمضان ادريس سعيد سويسي,1,1,علي مصباح المبروك الكباشي,1,1,حسن علي عبدالله الضبع,0,0,عبدالحكيم احمد محمد مكاري,0,0,,,,,,,,,,,,,,,,,,,,,,,,,,,,,,,,,,,,,,,,,,,,,,,,,,,,,,,,,,,,,,,,,,,,,,,,,,,,,,,,,,,,,,,,,,,,,,,,,,,,,,,,,,,,,,,,,,,,,,,,,,,,,,,,,,,,,,,,,,,,,,,,,,,,,,,,,,,,,,,,,,,,,,,,,,,,,,,,,,,,,,,,,,,,,,,,,,,,,,,,,,,,,,,,,,,,,,,,,,,,,,,,,,,,,,,,,,,,,,,,,,,,,,,,,,,,,,,,,,,,,,,,,,,,,,,,,
42,42,42,100.0,سالم مسعود سالم قنان,705,705,احمد ايوب مسعود ايوب,195,195,خيري خليفة عمرو الطالب,51,51,,,,,,,,,,,,,,,,,,,,,,,,,,,,,,,,,,,,,,,,,,,,,,,,,,,,,,,,,,,,,,,,,,,,,,,,,,,,,,,,,,,,,,,,,,,,,,,,,,,,,,,,,,,,,,,,,,,,,,,,,,,,,,,,,,,,,,,,,,,,,,,,,,,,,,,,,,,,,,,,,,,,,,,,,,,,,,,,,,,,,,,,,,,,,,,,,,,,,,,,,,,,,,,,,,,,,,,,,,,,,,,,,,,,,,,,,,,,,,,,,,,,,,,,,,,,,,,,,,,,,,,,,,,,,,,,,,,,,,,,,,,,,,,,,,,,,,,,,,,,,,,,,,,,,,,,,,,,,,,,,,,,,,,
43,47,47,100.0,احفيظ خليفة احمد شنينة,1116,1116,محمد احمد نصر ابوسنينة,454,454,علي خليفة علي اسطيلة,275,275,محمد خليفة عبدالله ادهينه,274,274,محمد الكيال احنين العثري,143,143,,,,,,,,,,,,,,,,,,,,,,,,,,,,,,,,,,,,,,,,,,,,,,,,,,,,,,,,,,,,,,,,,,,,,,,,,,,,,,,,,,,,,,,,,,,,,,,,,,,,,,,,,,,,,,,,,,,,,,,,,,,,,,,,,,,,,,,,,,,,,,,,,,,,,,,,,,,,,,,,,,,,,,,,,,,,,,,,,,,,,,,,,,,,,,,,,,,,,,,,,,,,,,,,,,,,,,,,,,,,,,,,,,,,,,,,,,,,,,,,,,,,,,,,,,,,,,,,,,,,,,,,,,,,,,,,,,,,,,,,,,,,,,,,,,,,,,,,,,,,,,,,,,,,,,,,,,,,,,,,,
44,44,38,86.0,علي خليفة محمد العيساوي,546,546,محمد عطية محمد عمر,507,507,فتحي ابراهيم احتيوش احتيوش,153,153,طارق عمر نصر برطشة,120,120,عثمان سعيد محمد احمد,59,59,مصطفى عطية عبدالله عبدالله البدراني,34,34,,,,,,,,,,,,,,,,,,,,,,,,,,,,,,,,,,,,,,,,,,,,,,,,,,,,,,,,,,,,,,,,,,,,,,,,,,,,,,,,,,,,,,,,,,,,,,,,,,,,,,,,,,,,,,,,,,,,,,,,,,,,,,,,,,,,,,,,,,,,,,,,,,,,,,,,,,,,,,,,,,,,,,,,,,,,,,,,,,,,,,,,,,,,,,,,,,,,,,,,,,,,,,,,,,,,,,,,,,,,,,,,,,,,,,,,,,,,,,,,,,,,,,,,,,,,,,,,,,,,,,,,,,,,,,,,,,,,,,,,,,,,,,,,,,,,,,,,,,,,,,,,,,,,,,,,,,,,,,
45,48,48,100.0,عبدالقادر بشير عبدالقادر هيبة,726,726,ابوبكر عمر محمد هارون,587,587,يوسف سليمان ميلود هبو,434,434,الشيباني حمادي عصمان بلال,415,415,اسامة صالح عطية موسى,27,27,,,,,,,,,,,,,,,,,,,,,,,,,,,,,,,,,,,,,,,,,,,,,,,,,,,,,,,,,,,,,,,,,,,,,,,,,,,,,,,,,,,,,,,,,,,,,,,,,,,,,,,,,,,,,,,,,,,,,,,,,,,,,,,,,,,,,,,,,,,,,,,,,,,,,,,,,,,,,,,,,,,,,,,,,,,,,,,,,,,,,,,,,,,,,,,,,,,,,,,,,,,,,,,,,,,,,,,,,,,,,,,,,,,,,,,,,,,,,,,,,,,,,,,,,,,,,,,,,,,,,,,,,,,,,,,,,,,,,,,,,,,,,,,,,,,,,,,,,,,,,,,,,,,,,,,,,,,,,,,,,
46,54,54,100.0,جاب الله محمد جاب الله محمد,668,668,مصطفى مخلوف علي اقريمة,615,615,عالية مفتاح عبدالحفيظ عمر,250,250,علي سالم عبدالهادي اكرن,241,241,صبري عيسى ابراهيم ابديوي,13,13,,,,,,,,,,,,,,,,,,,,,,,,,,,,,,,,,,,,,,,,,,,,,,,,,,,,,,,,,,,,,,,,,,,,,,,,,,,,,,,,,,,,,,,,,,,,,,,,,,,,,,,,,,,,,,,,,,,,,,,,,,,,,,,,,,,,,,,,,,,,,,,,,,,,,,,,,,,,,,,,,,,,,,,,,,,,,,,,,,,,,,,,,,,,,,,,,,,,,,,,,,,,,,,,,,,,,,,,,,,,,,,,,,,,,,,,,,,,,,,,,,,,,,,,,,,,,,,,,,,,,,,,,,,,,,,,,,,,,,,,,,,,,,,,,,,,,,,,,,,,,,,,,,,,,,,,,,,,,,,,,
47,263,263,100.0,سليمان محمد محمد الفقيه,11166,11166,فتحي علي عبدالسلام باشاغا,6589,6589,محمد عبدالكريم محمد الرعيض,2690,2690,عبدالرحمن الشيباني احمد السويحلي,2129,2129,محمد ابراهيم علي الضراط,2085,2085,محمد منصور علي حنيش,1753,1753,كمال البشير احمد الجمل,1646,1646,محمد حسن احمد الفقيه,1484,1484,سليمان محمد ابوبكر البيوضي,1340,1340,حسن احمد علي الاشلم,1157,1157,ابراهيم رمضان الفيتوري بن رمضان,1097,1097,طاهر امحمد عثمان بن طاهر,826,826,علي مصطفى بشير ابوفناس,809,809,نجم الدين محمد علي الناقوزي,705,705,عبدالله محمد ابوبكر الناضوري,698,698,محمد المهدي محمد اشتيوي,689,689,مصطفى محمد موسى محمود,660,660,محمد علي محمد الجريدي كرواد,530,530,السنوسي محمود امحمد سويب,518,518,محمد ادريس محمود محمد طرينة,501,501,عبدالواحد علي محمد الشيخ,490,490,محمود عمر محمود ساطي,468,468,الطيب محمد علي اميمه,435,435,علي حسن محمد صوان,425,425,عبدالله محمد عوض الدرويش,396,396,احمد محمد احمد جحا,385,385,عبدالقادر عبدالله عثمان خضر,357,357,محمد علي احمد الشريف,351,351,علي اسماعيل احمد درز,293,293,عبدالفتاح علي عامر ابوشوفة,277,277,جلال عمر محمد الحداد,276,276,محمد عمر محمد المنقوش,252,252,فتحي احمد محمد الغزالي,242,242,محمد علي محمد القطيط,217,217,عبدالكريم جمال عبدالكريم كرواد,212,212,عمر سالم رمضان الصنكي,211,211,علي عبدالقادر عبدالله الجعراني,194,194,صالح عبدالسلام عبدالقادر الصيد,174,174,علي خليل علي البرقلي,163,163,محمد عامر محمد الشريف,129,129,عاطف ابراهيم شقلوف شقلوف,118,118,سالم الطاهر مصطفى ابوطلاق,90,90,حسين المهدي امحمد اسويب,74,74,رضوان محمد امحمد بادي,71,71,امين عبدالله محمد الشريف,54,54,احمد محمد عمر المحجوب,43,43,احمد عبدالله علي فضيل,23,23,,,,,,,,,,,,,,,,,,,,,,,,,,,,,,,,,,,,,,,,,,,,,,,,,,,,,,,,,,,,,,,,,,,,,,,,,,,,,,,,,,,,,,,,,,,,,,,,,,,,,,,,,,,,,,,,,,,,,,,,,,,,,,,,,,,,,,,,,,,,,,,,,,,,,,,,,,,,,,,,,,,,,,,,,,,,,,,,,,,,,,,,,,,,,,,,,,,
48,82,82,100.0,حسن الطاهر علي مصباح,650,650,محمد علي الواعر ابراهيم,474,474,فتحي محمد مفتاح مفتاح,305,305,حمزة سعيد الغضيوي الصغير,258,258,علي الهادي محمد الزوام,234,234,علي عبدالسلام المهدي قاجه,187,187,محمد ضو محمد ضو,187,187,عبدالقادر علي موسى الغول,166,166,الهادي خليفة محمد الرزقي,160,160,عبدالناصر يونس مفتاح الرباصي,152,152,عبدالله محمد ابوعزوم عبدالنبي بلخير,129,129,رمضان احمد الزروق بارود,120,120,عبدالوهاب عبدالله بشير بشير,116,116,الهمالي بشير الهمالي كرناف,105,105,حسن عبدالرحيم منصور محمد,94,94,صلاح عبدالسلام مصباح العامري,84,84,يوسف خليفة محمد الجغلي,73,73,عادل ميلاد رحيل ابوكراع,64,64,فخرالدين عبدالسلام عبدالمطلب ابراهيم,47,47,عدنان منصور احمد اجويليق,45,45,مريم بلقاسم محمد الطيب,40,40,حاتم عبدالسلام امحمد ميلاد,29,29,احمد بن بله عمر محمد الهريوت,22,22,عبدالسلام عمر عبدالعالي التويجر,17,17,محمد المهدي عبدالكريم اجريبي,11,11,عمر علي عمر ابوخنجر,9,9,الهادي ابوبكر عامر علي,7,7,,,,,,,,,,,,,,,,,,,,,,,,,,,,,,,,,,,,,,,,,,,,,,,,,,,,,,,,,,,,,,,,,,,,,,,,,,,,,,,,,,,,,,,,,,,,,,,,,,,,,,,,,,,,,,,,,,,,,,,,,,,,,,,,,,,,,,,,,,,,,,,,,,,,,,,,,,,,,,,,,,,,,,,,,,,,,,,,,,,,,,,,,,,,,,,,,,,,,,,,,,,,,,,,,,,,,,,,,,,,,,,,,,,,,,,,,,,,,,,,,,,,,,,,,,,,,,,
49,137,137,100.0,محمد الهادي علي الهاشمي بن خليل,1277,1277,عبدالغني احمد محمد الفطيسي,1160,1160,عزالدين عبدالسلام عطية قويرب,1105,1105,عمار ميلاد رجب الابلق,1047,1047,محمد عمران محمد الصغير,935,935,عمر نوري عثمان اقدارة,866,866,مصطفى الهادي محمد الشريف,846,846,عبدالعظيم عمر محمد السائح الاشهب,755,755,فتحي ابوبكر محمد بن عائشة,623,623,شمسي عبدالغني احمد دعوب,602,602,عبدالعزيز محمد علي سالم,521,521,الهادي بلعيد مفتاح احسونه اغا,488,488,عبدالله ابراهيم محمد الكشر,430,430,عبدالسلام ميلاد خليفة المقلة,385,385,الصديق مصطفى المهدي جابر,358,358,عزالدين فرج احمد الشويرف,318,318,عبدالسلام الهادي التوهامي غويلة,307,307,عمر عبدالله عمر البربار,263,263,مفتاح علي ميلاد حديد,258,258,محمد جمال الدين مختار محمد علي,253,253,سالم عمر علي الزعلوك,239,239,عبدالمنعم جمعة محمد الصاري,204,204,اشرف رمضان علي صوان,183,183,محمد عمر عطية حبيل,135,135,مصطفى علي خليفة بن خليل,103,103,مصطفى ميلاد محمد حمير,100,100,محمود فرج محمد بن طاهر,76,76,عطية عمر امحمد حمير,74,74,طارق المبروك رمضان حضيري,72,72,احمد محمد ابورخيص عاشور,70,70,محمد مصباح شعبان الجندي,70,70,حمزة محمد مفتاح المحجوب,60,60,مفتاح عبدالهادي فرج كدي,58,58,حسين عمر سالم اوحيدة,55,55,خالد محمد عبدالله قراطم,52,52,اسماعيل مصطفى احمد الشيخة العاتي,28,28,معمر رمضان محمد قصيل,27,27,عبدالحكيم سالم عمران البراح,19,19,عادل معمر محمد ابوزقاية,6,6,,,,,,,,,,,,,,,,,,,,,,,,,,,,,,,,,,,,,,,,,,,,,,,,,,,,,,,,,,,,,,,,,,,,,,,,,,,,,,,,,,,,,,,,,,,,,,,,,,,,,,,,,,,,,,,,,,,,,,,,,,,,,,,,,,,,,,,,,,,,,,,,,,,,,,,,,,,,,,,,,,,,,,,,,,,,,,,,,,,,,,,,,,,,,,,,,,,,,,,,,,,,,,,,,,,,,,,,,,,
50,111,111,100.0,حسن الفرجاني سالم سالم,628,628,محمد عامر محمد العباني,530,530,ابوبكر احمد سعيد صالح,520,520,مصطفى ابوعجيلة الزروق ابوعجيلة,467,467,عبدالعزيز غيث عمار احمودات,448,448,محمد ابراهيم محمد العامري,411,411,سالم فرج علي كامل,328,328,فريفر ابراهيم فريفر فرج,322,322,ضو عبدالسلام ضو شفتر,317,317,مصطفى خليفة ابراهيم محمد,295,295,حاتم مختار فرحات عمر,270,270,محمد علي مفتاح الواعر,253,253,محمد فرج حسن الساعدي,193,193,اشتيوي عبدالسلام عبدالمولى اميلة,158,158,ناجي عبدالسلام علي انويجي,151,151,عبدالجواد الضاوي عبدالجواد خليل,143,143,مفتاح سالم خليفة النائض,139,139,خالد علي عون المهدي,132,132,عبدالعاطي علي البشير الحاج محمد,125,125,بناصر محمد عمر صالح,121,121,صلاح محمد المبروك المنتصر,119,119,سليمان محمد فرج الشؤيب,103,103,محمود اسماعيل المختار الازرق,99,99,وسيم علي نصر ديهوم,94,94,جمعة محمد عبدالسلام المغيربي,86,86,سيف النصر محمد ميلاد يونس,56,56,علي رجب ابراهيم الفرجاني,52,52,محمود العماري البشير سلامة,42,42,احمد صالح محمد هرودة,21,21,,,,,,,,,,,,,,,,,,,,,,,,,,,,,,,,,,,,,,,,,,,,,,,,,,,,,,,,,,,,,,,,,,,,,,,,,,,,,,,,,,,,,,,,,,,,,,,,,,,,,,,,,,,,,,,,,,,,,,,,,,,,,,,,,,,,,,,,,,,,,,,,,,,,,,,,,,,,,,,,,,,,,,,,,,,,,,,,,,,,,,,,,,,,,,,,,,,,,,,,,,,,,,,,,,,,,,,,,,,,,,,,,,,,,,,,,,,,,,,,,,,,,,,,,
51,70,70,100.0,عدنان فوزي محمد الشعاب,930,930,عبدالمنعم فرج علي الفقيه,623,623,فتح الله محمد المهدي ابو راس,523,523,الحسين محمد محمود عبدالصمد,453,453,السنوسي عمر مجاهد ابراهيم,404,404,توفيق سالم محمد الجروشي,391,391,ناصر علي مفتاح الخمري,381,381,عبدالسلام محمود شعبان الاسطى,318,318,مفتاح المختار عمران عز الدين,311,311,عادل عمران صالح جمعة,305,305,فتحي محمد احمد الزريبي,237,237,محمد عمران فرج المريض,214,214,محمد عمر فرج موسى,202,202,سالم علي عبدالله معيتيق,161,161,علي السائح علي انبية,161,161,نجم الدين مفتاح محمد ابو خشيم,157,157,المهدي خليفة محمد ابوطارة,146,146,شعبان عبدالسلام الزروق عبيد,132,132,عبدالفتاح عياد محمد حمزة,123,123,مخلوف خليفة عبدالسلام القندي,118,118,اسماعيل عبدالقادر عبدالحفيظ نصر,78,78,سالم المسعودي عبدالرحيم احمد,61,61,علي الزوام موسى ابوبكر,49,49,خالد محمد عبدالسلام القربازي,49,49,محمد علي الصيد العسكري,24,24,,,,,,,,,,,,,,,,,,,,,,,,,,,,,,,,,,,,,,,,,,,,,,,,,,,,,,,,,,,,,,,,,,,,,,,,,,,,,,,,,,,,,,,,,,,,,,,,,,,,,,,,,,,,,,,,,,,,,,,,,,,,,,,,,,,,,,,,,,,,,,,,,,,,,,,,,,,,,,,,,,,,,,,,,,,,,,,,,,,,,,,,,,,,,,,,,,,,,,,,,,,,,,,,,,,,,,,,,,,,,,,,,,,,,,,,,,,,,,,,,,,,,,,,,,,,,,,,,,,,,
52,76,76,100.0,ابوبكر ابراهيم محمود ميلاد,1080,1080,يوسف عبدالسلام علي الفرجاني,950,950,عمر سالم بشير ابشيش,835,835,عبدالرزاق عمر عبدالله ابوسيف,517,517,عبدالسلام فرج ابراهيم يحي,412,412,خالد محمد حسين بالنور,391,391,ابراهيم خليفة جمعة المركز,364,364,ناصر عمر عبدالسلام ابوستين,346,346,ابوبكر عبدالسلام مفتاح رمضان,343,343,نورالدين محمد سالم الزائدي,314,314,ميلاد مصباح محمد جبران,240,240,عبدالله عاشور محمد المصروب,227,227,محمد رمضان عبدالسلام مجبر,155,155,فوزي عمر جمعة حسين,142,142,مفتاح محمد عبدالسلام المدهون,125,125,مفتاح محمد احمد سلامه,124,124,عبداللطيف احمد عبدالله هرام,119,119,محمد مفتاح يحي الضعيف,109,109,عبدالفتاح سالم امحمد مرشان,86,86,يوسف ابراهيم مفتاح ابوغالية,42,42,,,,,,,,,,,,,,,,,,,,,,,,,,,,,,,,,,,,,,,,,,,,,,,,,,,,,,,,,,,,,,,,,,,,,,,,,,,,,,,,,,,,,,,,,,,,,,,,,,,,,,,,,,,,,,,,,,,,,,,,,,,,,,,,,,,,,,,,,,,,,,,,,,,,,,,,,,,,,,,,,,,,,,,,,,,,,,,,,,,,,,,,,,,,,,,,,,,,,,,,,,,,,,,,,,,,,,,,,,,,,,,,,,,,,,,,,,,,,,,,,,,,,,,,,,,,,,,,,,,,,,,,,,,,,,,,,,,,
53,61,61,100.0,عبدالناصر الامين محمد النعاس,479,479,كمال عبدالكريم حسين الشلبي,404,404,فرج سالم علي بن غريان,388,388,عبدالمجيد ابراهيم مصطفى ابو رقيقة,299,299,علي مفتاح علي القدافي,289,289,عبدالمنعم منصور علي الحر,285,285,احمد عبدالعظيم محمد الاربد,258,258,عبدالسلام عبدالله علي ميله,214,214,ابراهيم محمد علي المعرش,193,193,محمد الطاهر عبدالسلام بن جمعة,150,150,خالد امحمد علي البكوش,135,135,محمد مصطفى محمد عطيوة,101,101,هشام جمعة صالح ابو منجل,74,74,الصديق علي محمد الردان,71,71,محمد الصغير علي الردان,52,52,محمد الامين محمد الابي,30,30,,,,,,,,,,,,,,,,,,,,,,,,,,,,,,,,,,,,,,,,,,,,,,,,,,,,,,,,,,,,,,,,,,,,,,,,,,,,,,,,,,,,,,,,,,,,,,,,,,,,,,,,,,,,,,,,,,,,,,,,,,,,,,,,,,,,,,,,,,,,,,,,,,,,,,,,,,,,,,,,,,,,,,,,,,,,,,,,,,,,,,,,,,,,,,,,,,,,,,,,,,,,,,,,,,,,,,,,,,,,,,,,,,,,,,,,,,,,,,,,,,,,,,,,,,,,,,,,,,,,,,,,,,,,,,,,,,,,,,,,,,,,,,,,
54,54,54,100.0,فتحي عبدالسلام رمضان الشريف,1026,1026,جمعة محمد علي طيطش,853,853,عبدالرحمن عبدالسلام عبدالسلام خليفة,568,568,محمد عمران محمد ابوصاع,466,466,عبدالسلام علي عبدالسلام ابوزيد,248,248,علي صالح عبدالسلام عرفه,244,244,مصطفى محمد ابوبكر رحاب,188,188,مصطفى محمد احمد امطير,140,140,معمر سليم رمضان الحسوني,66,66,سليمان حسن عمران شوبار,52,52,جمعة علي احمد جمعة,26,26,عبدالكريم موسى محمد العلوص,20,20,التومي علي الزوام المرغني,18,18,,,,,,,,,,,,,,,,,,,,,,,,,,,,,,,,,,,,,,,,,,,,,,,,,,,,,,,,,,,,,,,,,,,,,,,,,,,,,,,,,,,,,,,,,,,,,,,,,,,,,,,,,,,,,,,,,,,,,,,,,,,,,,,,,,,,,,,,,,,,,,,,,,,,,,,,,,,,,,,,,,,,,,,,,,,,,,,,,,,,,,,,,,,,,,,,,,,,,,,,,,,,,,,,,,,,,,,,,,,,,,,,,,,,,,,,,,,,,,,,,,,,,,,,,,,,,,,,,,,,,,,,,,,,,,,,,,,,,,,,,,,,,,,,,,,,,,,,,
55,52,52,100.0,علي خليفة سالم الصول,855,855,محمد الصغير علي الشهبوني,742,742,علي ابو شعفة ابراهيم نتفه,515,515,سعد محمد سعد سليمان,478,478,ناصر عمار صالح المليحي,262,262,عادل مفتاح سالم القراد,237,237,محمد محمد علي احمد,139,139,فتحي محمد حسين محمد ابو سبحة,135,135,عثمان علي محمد المنتصر,130,130,معمر محمد عبدالله صالح,70,70,,,,,,,,,,,,,,,,,,,,,,,,,,,,,,,,,,,,,,,,,,,,,,,,,,,,,,,,,,,,,,,,,,,,,,,,,,,,,,,,,,,,,,,,,,,,,,,,,,,,,,,,,,,,,,,,,,,,,,,,,,,,,,,,,,,,,,,,,,,,,,,,,,,,,,,,,,,,,,,,,,,,,,,,,,,,,,,,,,,,,,,,,,,,,,,,,,,,,,,,,,,,,,,,,,,,,,,,,,,,,,,,,,,,,,,,,,,,,,,,,,,,,,,,,,,,,,,,,,,,,,,,,,,,,,,,,,,,,,,,,,,,,,,,,,,,,,,,,,,,,,,,,,
56,122,122,100.0,الصادق علي محمد الكحيلي,1596,1596,ابو الخير الشعاب محمد بالخير,1351,1351,خالد علي محمد الاسطى,1172,1172,صالح محمد احمد القاضي,1126,1126,عبدالحليم محمد علي ابوظهير,1003,1003,حسن محمد عمر عماره,962,962,نضال نوري سالم الغندوري,892,892,عياد حسن حسين عريبي,765,765,علي محمد علي بن راشد,690,690,عبدالهادي عبدالله باكير طريش,642,642,محمد منصور ابراهيم الشريف,622,622,محمود احمد غيث مروان,342,342,العربي محمد العربي بالخير,304,304,عبداللطيف عبدالسلام محمد العالم,301,301,اسماعيل علي رمضان ماطوس,294,294,محمد جمعة ابراهيم القاضي,273,273,احميده خليفة محمد العماري,182,182,طارق الطاهر عبدالله النعاس,48,48,,,,,,,,,,,,,,,,,,,,,,,,,,,,,,,,,,,,,,,,,,,,,,,,,,,,,,,,,,,,,,,,,,,,,,,,,,,,,,,,,,,,,,,,,,,,,,,,,,,,,,,,,,,,,,,,,,,,,,,,,,,,,,,,,,,,,,,,,,,,,,,,,,,,,,,,,,,,,,,,,,,,,,,,,,,,,,,,,,,,,,,,,,,,,,,,,,,,,,,,,,,,,,,,,,,,,,,,,,,,,,,,,,,,,,,,,,,,,,,,,,,,,,,,,,,,,,,,,,,,,,,,,,,,,,,,,,,,,,,,,,
57,215,215,100.0,مصطفى ابوشاقور غيث ابوشاقور,14305,14305,لؤي محمد نجيب الفيتوري الغاوي,1900,1900,الصديق مفتاح رمضان حمودة,1515,1515,محمد مصطفى ابو صاع راشد,1362,1362,عادل عبدالله احمد رمضان,1036,1036,عادل محمد احمد شلتوت,886,886,البهلول ابرهيم محمد صفر,719,719,بشير محمد بشير رجوبة,565,565,محمود عبدالله خليفة الشريف,552,552,عبدالمنعم علي محمد حريشه,504,504,عبدالرحمن البهلول عمر الجطلاوي,457,457,علي جمعة علي سعيد,416,416,ناجي احمد ابراهيم المقريف,414,414,رياض الطاهر محمد بيرام,368,368,الضاوي محمد الصغير ابراهيم,319,319,محمد الهادي محمد الحتواش,309,309,فوزي امحمد حميدة ددش,284,284,البشير المرغني ميلاد ارحومه,252,252,علي شعبان محمد الجدي العاقل,243,243,علي مفتاح سالم نوحه,240,240,عبدالسلام علي رمضان عاشور,225,225,محمد يوسف يوسف قدور,206,206,خالد وجدي رمضان المسلاتي,186,186,خيري علي خيري اغا,178,178,انور مفتاح احميدة بنور,169,169,يوسف عبدالمجيد الصادق مادي,160,160,عبدالله الهادي ابراهيم بكره,153,153,الصيد ابراهيم الصيد قدوره,137,137,محمود فرج مصباح دورو,108,108,عبدالمنعم عياد احمد ابو قرين,103,103,عادل الهادي احمد الحجاجي,69,69,محمد الطاهر الصادق حسن,28,28,,,,,,,,,,,,,,,,,,,,,,,,,,,,,,,,,,,,,,,,,,,,,,,,,,,,,,,,,,,,,,,,,,,,,,,,,,,,,,,,,,,,,,,,,,,,,,,,,,,,,,,,,,,,,,,,,,,,,,,,,,,,,,,,,,,,,,,,,,,,,,,,,,,,,,,,,,,,,,,,,,,,,,,,,,,,,,,,,,,,,,,,,,,,,,,,,,,,,,,,,,,,,,,,,,,,,,,,,,,,,,,,,,,,,,,,,,,,,,,,
58,170,170,100.0,حمودة احمد حمودة سيالة,6023,6023,علي عمر ابوالقاسم التكبالي,4477,4477,عبدالرزاق مفتاح علي مشيرب,3121,3121,عبدالرؤوف علي مختار البيباص,1952,1952,عبدالرزاق رمضان علي شبشابه,1085,1085,عبدالوهاب حسن علي الكيب,1039,1039,عماد علي عمر الفرجاني,798,798,عادل احمد عبدالله جبعور,687,687,عبدالله امحمد سالم محمد,603,603,هيثم   محمد صلاح الدين عبدالحفيظ الكيب,471,471,عرفات البهلول عمر القحطار,373,373,الطاهر علي فتحي الطاهر بشير,333,333,حمدي امحمد محمد الفطيسي,324,324,محمد عبدالله محمد الشريف,283,283,رمضان بلقاسم رمضان بن الحاج,281,281,ملا احمد محرم محمد الخوجة,243,243,الطاهر فتحي الطاهر افتيتة,218,218,عبدالعاطي محمد عبدالرحمن محمد الويفاتي,191,191,محمد بشير بشير بن عثمان,186,186,جمال الصادق خليفة حريشة,174,174,محمد البشير علي بن راشد,169,169,يوسف سالم رمضان بن حامد,164,164,اسامة محمد علي التائب,158,158,حسن الصادق الطيب المصراتي,138,138,احمد الشروي طالب بن طالب,131,131,صلاح خليفة خليل العمامي,122,122,علي المرغني محمد البوتيلي,119,119,مسعود محمد مسعود ابوجبهه,104,104,,,,,,,,,,,,,,,,,,,,,,,,,,,,,,,,,,,,,,,,,,,,,,,,,,,,,,,,,,,,,,,,,,,,,,,,,,,,,,,,,,,,,,,,,,,,,,,,,,,,,,,,,,,,,,,,,,,,,,,,,,,,,,,,,,,,,,,,,,,,,,,,,,,,,,,,,,,,,,,,,,,,,,,,,,,,,,,,,,,,,,,,,,,,,,,,,,,,,,,,,,,,,,,,,,,,,,,,,,,,,,,,,,,,,,,,,,,,,,,,,,,,,,,,,,,,
59,172,167,97.0,فائز مصطفى فوزي السراج,3771,3771,علي رحومة محمد السباعي,2757,2757,مصعب محمد العابد ابوالقاسم,2566,2566,خالد بالقاسم الطيب الشارف,744,744,عبدالرزاق ابوخريص عيسى ابوكراع,660,660,محمد حسين احمد قشوط,639,639,علي خليفة علي العصادي,519,519,محمود سلطان امبارك الوهج,511,511,سعيد صالح امين كله,497,497,خالد محمود عمر اوحيدة,355,355,ايمن صالح عبدالقادر ابوزيد,317,317,صلاح عبدالله علي الككلي,314,314,نعمان محفوظ محمد الشيخ,305,305,الهادي ميلود عبدالقادر الثليب,257,257,محمود محمد الهادي الدئب,249,249,عبد الله علي محمد الرجباني,241,241,المعز مصطفى محمد بن اسماعيل,239,239,عادل محمد شكري احمد شاهين,232,232,محمد مصطفى محمد القريتلي,228,228,جمال الطاهر ابراهيم القمودي,219,219,عبدالغني عبدالكريم محمد برقناب,215,215,سليمان علي عمرو الحماصي,213,213,ابراهيم علي محمد قنبيج,197,197,عبدالله محمد خليفة الطالبي,163,163,انيس علي سالم عون,161,161,عصام محمد امحمد سريبة,159,159,محمد ميلود جمعة الشابع,139,139,ايمن البشير رحيم عبدالله,130,130,محمد الهادي العربي المجدوب,106,106,يوسف عيسى احمد البكوش,99,99,صالح محمد خليفة الصيد,97,97,رمضان مسعود محمد السائح,94,94,محمد احمد احمد محمد,92,92,صفوان خليفة علي سليمان,81,81,خيري نصر محمد ادريس,80,80,سليمان المولدي سليمان العكروت,65,65,خالد فرج محمد سلامة,64,64,الصادق احمد عبدالله عبدالقادر,59,59,نبيل يوسف احمد مانه,49,49,خالد احمد امحمد البجاحي,35,35,نورالدين محمد امحمد صوان,34,34,,,,,,,,,,,,,,,,,,,,,,,,,,,,,,,,,,,,,,,,,,,,,,,,,,,,,,,,,,,,,,,,,,,,,,,,,,,,,,,,,,,,,,,,,,,,,,,,,,,,,,,,,,,,,,,,,,,,,,,,,,,,,,,,,,,,,,,,,,,,,,,,,,,,,,,,,,,,,,,,,,,,,,,,,,,,,,,,,,,,,,,,,,,,,,,,,,,,,,,,,,,,,,,,,,,,,
60,111,111,100.0,ايمن المبروك محمد سيف النصر,1289,1289,بشير علي سعد الاحمر,1206,1206,صالحين الهدوي ابو حميره الشقمان,1157,1157,عبدالواحد عمار عاشور القاضي,1118,1118,علي احمد علي الهمالي,1035,1035,يوسف ميلود خليفة ابوزكري,965,965,اسامة عبدالجليل احمد عبدالهادي,780,780,علاءالدين مفتاح محمود الفاندي,736,736,محمد مسعود محمود السويح,549,549,احمد الهادي احمد قداد,524,524,الهادي محمد عمر شلوف,428,428,عبداللطيف علي الشتيوي سحبون,422,422,فاضل صالح موسى كعبر,417,417,العماري محمد عمر سعيد,360,360,فتحي ابوجعفر سالم موسى,353,353,ايمن محمد مسعود مسعود,230,230,اسامة سعيد بشير شداد,179,179,جعفر عبدالجليل انيس التائب,173,173,فرج ابراهيم مفتاح الزوبيك,157,157,ضو سالم صالح الهوش,150,150,محمد رمضان عياد التومي,132,132,كمال عبدالحميد عبدالله الهرامة,101,101,خيري محمد الحراري الشيباني,93,93,محمد عومر مسعود الابيض,67,67,عصام علي احمد عكاشة,65,65,محمود مصباح حامد اعبان,51,51,احمد سالم محمد قنيدي,38,38,وليد عبدالمؤمن الهادي خالد,36,36,,,,,,,,,,,,,,,,,,,,,,,,,,,,,,,,,,,,,,,,,,,,,,,,,,,,,,,,,,,,,,,,,,,,,,,,,,,,,,,,,,,,,,,,,,,,,,,,,,,,,,,,,,,,,,,,,,,,,,,,,,,,,,,,,,,,,,,,,,,,,,,,,,,,,,,,,,,,,,,,,,,,,,,,,,,,,,,,,,,,,,,,,,,,,,,,,,,,,,,,,,,,,,,,,,,,,,,,,,,,,,,,,,,,,,,,,,,,,,,,,,,,,,,,,,,,
61,126,126,100.0,سعد المريمي الهاشمي المريمي,2248,2248,عبدالرؤوف ابراهيم علي المناعي,1175,1175,طارق عبدالله محمد الاشتر,855,855,محمد امبارك صميده الورشفاني,763,763,محمد الصادق سالم احمد,460,460,ضرار محمد خليفة بركة,453,453,احمد عبدالقادر احمد فرحات,400,400,رشيد علي الميهوب الميهوب,317,317,مصطفى حسين ابوبكر الخازمي,302,302,عبدالحميد رمضان المبروك تاكيلة,301,301,خليفة علي عمر دياب,263,263,محمد خليفة ضو اللافي,211,211,مفتاح محمود منصور الطويل,194,194,الهادي احمد علي ابوعجيلة,190,190,رضوان المنتصر محمد البكوش,182,182,عبدالله عبدالعزيز ميلاد حسن,174,174,مجدي عمر عبدالحميد الصيد,144,144,فتحي محمد احمد كروان,130,130,نورالدين فرج الجميل ميلاد,122,122,سمير عبدالحميد علي الورفلي,106,106,ابوبكر عيسى عبدالرحمن خليفة,103,103,ابراهيم محمد النور الدريحو,103,103,عبدالحكيم عامر محمد بن صالح,77,77,محمد عمرو عبدالنبي شوران,56,56,,,,,,,,,,,,,,,,,,,,,,,,,,,,,,,,,,,,,,,,,,,,,,,,,,,,,,,,,,,,,,,,,,,,,,,,,,,,,,,,,,,,,,,,,,,,,,,,,,,,,,,,,,,,,,,,,,,,,,,,,,,,,,,,,,,,,,,,,,,,,,,,,,,,,,,,,,,,,,,,,,,,,,,,,,,,,,,,,,,,,,,,,,,,,,,,,,,,,,,,,,,,,,,,,,,,,,,,,,,,,,,,,,,,,,,,,,,,,,,,,,,,,,,,,,,,,,,,,,,,,,,,
62,103,103,100.0,عبدالناصر بشير عبدالسلام بن نافع,925,925,علي احمد علي التكالي,676,676,اسامة فرج محمد الشعافي,646,646,عبدالرحمن منصور محمد احمد,608,608,خالد محمد سالم سلامة,564,564,ناجي ابراهيم محمد جابر,520,520,ابراهيم محمد علي القيادي,408,408,عبدالباسط محمود محمد عبيد,351,351,سالم مسعود سالم التائب,342,342,سالم محمد محفوظ الدبسكي,336,336,فرج محمد سالم خليفة,324,324,محمد هاني عبدالحميد الهادي الخوجة,322,322,صالح مصباح علي النعمي,320,320,يوسف الهادي احمد السعداوي,295,295,عبدالسلام محمد عبدالسلام الراجحي,261,261,محمد نوري سليمان محمد البرغوثي,247,247,عبدالحكيم محمد المختار عبدالله,242,242,صلاح الدين ابوشعالة احمد المدني,170,170,عصام الزوام محمد همل,163,163,محمد احمد محمد المدني,158,158,حسن خليفة سالم الدويب,146,146,خليل الصادق جمعة هروس,134,134,عدنان خليفة مختار قريمة,117,117,ناصر محفوظ عبدالله ضياف,117,117,عبدالله عبدالسلام سالم ابونعجة,79,79,,,,,,,,,,,,,,,,,,,,,,,,,,,,,,,,,,,,,,,,,,,,,,,,,,,,,,,,,,,,,,,,,,,,,,,,,,,,,,,,,,,,,,,,,,,,,,,,,,,,,,,,,,,,,,,,,,,,,,,,,,,,,,,,,,,,,,,,,,,,,,,,,,,,,,,,,,,,,,,,,,,,,,,,,,,,,,,,,,,,,,,,,,,,,,,,,,,,,,,,,,,,,,,,,,,,,,,,,,,,,,,,,,,,,,,,,,,,,,,,,,,,,,,,,,,,,,,,,,,,,
63,62,62,100.0,عمر علي العجيلي تنتوش,958,958,علي فرج سعيد برزيق,705,705,كمال مفتاح احمد اللافي,505,505,انور المختار بشير بلعيد,489,489,باسم الشارف المبروك الكردي,479,479,خالد مفتاح علي الاسود,442,442,محمد منصور ابراهيم الزحاف,383,383,عادل الصويعي محمد الصويعي,370,370,خليفة مسعود الذيب الذيب,308,308,وليد ابوزيان المختار ابوزيان,277,277,محمد العارف ابوجعفر موسى,271,271,ابوالقاسم علي ابوالقاسم الجعيدي,184,184,,,,,,,,,,,,,,,,,,,,,,,,,,,,,,,,,,,,,,,,,,,,,,,,,,,,,,,,,,,,,,,,,,,,,,,,,,,,,,,,,,,,,,,,,,,,,,,,,,,,,,,,,,,,,,,,,,,,,,,,,,,,,,,,,,,,,,,,,,,,,,,,,,,,,,,,,,,,,,,,,,,,,,,,,,,,,,,,,,,,,,,,,,,,,,,,,,,,,,,,,,,,,,,,,,,,,,,,,,,,,,,,,,,,,,,,,,,,,,,,,,,,,,,,,,,,,,,,,,,,,,,,,,,,,,,,,,,,,,,,,,,,,,,,,,,,,,,,,,,,
64,52,52,100.0,مصباح ميلود احمد البدوي,1316,1316,جمعة الصويعي السائح الطيف,1256,1256,المبروك بلقاسم عبدالسلام الرقيق,613,613,عبدالكريم ميلود خليفة عبدالمولى,66,66,عبدالباسط علي ابوعائشة صوان,45,45,,,,,,,,,,,,,,,,,,,,,,,,,,,,,,,,,,,,,,,,,,,,,,,,,,,,,,,,,,,,,,,,,,,,,,,,,,,,,,,,,,,,,,,,,,,,,,,,,,,,,,,,,,,,,,,,,,,,,,,,,,,,,,,,,,,,,,,,,,,,,,,,,,,,,,,,,,,,,,,,,,,,,,,,,,,,,,,,,,,,,,,,,,,,,,,,,,,,,,,,,,,,,,,,,,,,,,,,,,,,,,,,,,,,,,,,,,,,,,,,,,,,,,,,,,,,,,,,,,,,,,,,,,,,,,,,,,,,,,,,,,,,,,,,,,,,,,,,,,,,,,,,,,,,,,,,,,,,,,,,,
65,62,62,100.0,نبيل سعد سعد عون,1067,1067,علي محمد حسين كشير,878,878,المرغني عبدالنبي جمعة البحري,626,626,رمضان خليفة ميلود غريبي,592,592,سالم عبدالله فرج ابوحلالة,484,484,جمال صالح امحمد لطيف,411,411,عبدالباسط امحمد محمد ابولائحة,285,285,رضوان امحمد المختار حمربطان,224,224,احمد المبروك مصطفى الشاوش,164,164,مصباح منصور رمضان المغربي,149,149,عصام سالم محمد بيوض,131,131,صالح الهادي صالح المغربي,52,52,,,,,,,,,,,,,,,,,,,,,,,,,,,,,,,,,,,,,,,,,,,,,,,,,,,,,,,,,,,,,,,,,,,,,,,,,,,,,,,,,,,,,,,,,,,,,,,,,,,,,,,,,,,,,,,,,,,,,,,,,,,,,,,,,,,,,,,,,,,,,,,,,,,,,,,,,,,,,,,,,,,,,,,,,,,,,,,,,,,,,,,,,,,,,,,,,,,,,,,,,,,,,,,,,,,,,,,,,,,,,,,,,,,,,,,,,,,,,,,,,,,,,,,,,,,,,,,,,,,,,,,,,,,,,,,,,,,,,,,,,,,,,,,,,,,,,,,,,,,,
66,62,62,100.0,عزالدين مصباح ابوراوي ابوراوي,873,873,مفتاح عامر الهادي سيف النصر,859,859,احمد المهدي المنصوري ابوقرين,683,683,اسامة محمد الهادي ابوكرازة,663,663,علي منصور علي ادم,546,546,راشيد ابوعجيلة عبدالله عاشور,500,500,عاشور موسى محمد موسى,247,247,حسام الشارف محمد الكماشي,213,213,عماد الدين المهدي عمار قدقود,70,70,,,,,,,,,,,,,,,,,,,,,,,,,,,,,,,,,,,,,,,,,,,,,,,,,,,,,,,,,,,,,,,,,,,,,,,,,,,,,,,,,,,,,,,,,,,,,,,,,,,,,,,,,,,,,,,,,,,,,,,,,,,,,,,,,,,,,,,,,,,,,,,,,,,,,,,,,,,,,,,,,,,,,,,,,,,,,,,,,,,,,,,,,,,,,,,,,,,,,,,,,,,,,,,,,,,,,,,,,,,,,,,,,,,,,,,,,,,,,,,,,,,,,,,,,,,,,,,,,,,,,,,,,,,,,,,,,,,,,,,,,,,,,,,,,,,,,,,,,,,,,,,,,,,,,
67,83,83,100.0,الصادق محمد مصباح ادريس,2460,2460,محمد بشير سعد الفيرس,2155,2155,مروان امحمد ميلاد المزوغي,581,581,محمد فرج محمد الكبير,415,415,ناصر علي منصور شنب,414,414,راشد مصباح عامر البرغوث,389,389,هدية محمد جمعة عبيد,352,352,مختار رمضان مختار هامان,280,280,عبدالله محمد عبدالله الكبير,235,235,عبدالغني محمد جمعة الذيب,103,103,,,,,,,,,,,,,,,,,,,,,,,,,,,,,,,,,,,,,,,,,,,,,,,,,,,,,,,,,,,,,,,,,,,,,,,,,,,,,,,,,,,,,,,,,,,,,,,,,,,,,,,,,,,,,,,,,,,,,,,,,,,,,,,,,,,,,,,,,,,,,,,,,,,,,,,,,,,,,,,,,,,,,,,,,,,,,,,,,,,,,,,,,,,,,,,,,,,,,,,,,,,,,,,,,,,,,,,,,,,,,,,,,,,,,,,,,,,,,,,,,,,,,,,,,,,,,,,,,,,,,,,,,,,,,,,,,,,,,,,,,,,,,,,,,,,,,,,,,,,,,,,,,,
68,83,83,100.0,علي مفتاح عمر المجدوب,1252,1252,عاشور فرج عمر نصير,928,928,عمار مفتاح الزرقاني البصير,712,712,مفتاح محمد مفتاح سيف النصر,619,619,رمضان سالم الصيد الغضوي,604,604,سليمان ابراهيم عمر المخرم,387,387,سالم محمد امحمد التومي,269,269,عبدالمنتصر مصباح عمر شلاكة,219,219,محمود ابراهيم علي اسكيليح,201,201,عبدالباسط صالح محمد العباني,193,193,الصديق عمران امحمد الرقيق,181,181,خليفة محمد علي التقازي,156,156,حسين عامر البحري مرسيط,151,151,ابراهيم امحمد محمد ابوكليش,123,123,منير احمد عبدالسلام المخرم,42,42,محمد امحمد محمد شليبك,9,9,,,,,,,,,,,,,,,,,,,,,,,,,,,,,,,,,,,,,,,,,,,,,,,,,,,,,,,,,,,,,,,,,,,,,,,,,,,,,,,,,,,,,,,,,,,,,,,,,,,,,,,,,,,,,,,,,,,,,,,,,,,,,,,,,,,,,,,,,,,,,,,,,,,,,,,,,,,,,,,,,,,,,,,,,,,,,,,,,,,,,,,,,,,,,,,,,,,,,,,,,,,,,,,,,,,,,,,,,,,,,,,,,,,,,,,,,,,,,,,,,,,,,,,,,,,,,,,,,,,,,,,,,,,,,,,,,,,,,,,,,,,,,,,,
69,206,206,100.0,محمد الفيتوري محمد الحنيش,2261,2261,علي محمد حسن ابوزريبة,2169,2169,عمارة علي حسن شنبارو,1880,1880,امحمد علي بلقاسم شعيب,1350,1350,سالم  مسعود  احمد  قنيدي,1286,1286,عبدالنبي البشير ابوالقاسم عبدالمولى,922,922,عبدالله حسين عبدالله اللافي,893,893,عبدالغفار الطاهر حمد كرفاع,873,873,عمر حسين علي الخذراوي,861,861,المختار الصغير محمد الدوكالي,772,772,صلاح ابوالقاسم مصباح خشيبة,741,741,فوزي احمد محمد شبح,728,728,حسن الهادي محمد هويسه,662,662,الحجاج المختار الامين قباصة,658,658,حسين العجيلي محمد المغيربي,499,499,مصطفى الطيب عبدالسلام ابوتيته,472,472,ناصر صدقي محمد الهنقاري,466,466,ابوالقاسم محمد علي شيوه,463,463,عمران عمر محمد حمودة,456,456,علي حسن علي الحرم,439,439,الطيب الصويعي ابوعجيلة عاشور,432,432,احمد الطاهر احمد همومه,429,429,عماد عبدالحفيظ المختار المشاط,413,413,عبدالحكيم معروف محمد كريمة,406,406,ابراهيم احمد الجيلاني الحاج,400,400,عبدالسلام ابوالقاسم احمد البلعزي,396,396,طارق علي الطاهر حدود,383,383,محمد خليفه ابوالقاسم جلبوب,373,373,البشير الكامل علي الاحول,371,371,المبروك محمد محمد شلادي,350,350,المبروك محمد امطير الشيباني,346,346,حسين المبروك امحمد منصور,343,343,مجدي فتحي المختار نصرات,325,325,لطفي مولود المنصر المنصر,307,307,عبدالحكيم احمد علي اوحيده,297,297,نبيل علي العربي دراء,288,288,عبدالرحمن المختار مسعود كشاده,284,284,عبداللطيف البشير عبدالقادر التونسي,265,265,جعفر رمضان محمد هدهود,263,263,محمد مصطفى الصغير اللافي,251,251,محمد التوهامي الطاهر سعيد,250,250,فتحي الهادي علي محمد,228,228,اشرف محمد مولود امليش,220,220,البشير مصطفى عبدالله المعلول,219,219,محمد احمد محمد المحمودي,215,215,نوري محمد مسعود معيميد,198,198,مصطفى البشير الطاهر المنتصر,193,193,مصطفى الغضبان محمد الغويل,190,190,عياد السيد محمد سعيد,187,187,عبدالله رحومة عبدالله ابراهيم,171,171,محمد عبدالله امحمد حسن,168,168,محمد ساسي امحمد الحراري,140,140,البشير محمد عون اللافي,134,134,ابوبكر محمد علي السوداني,116,116,البشير صالح محمد حماد,112,112,الصادق عبدالحميد نصر السائح,99,99,الهاشمي محمود الهاشمي دخيل,91,91,شعبان نصر المبروك الاسطى,83,83,ابوعجيلة زيد ابوالقاسم شتاوه,82,82,عبدالعاطي خليفة سالم المقوز,78,78,عبدالله البشير الشيباني الاسود,70,70,عبدالحفيظ علي مولود نزها,66,66,مصطفى صالح علي قديم,51,51,ناجي احمد سالم بشير,46,46,جابر عبدالمجيد علي الغائب,36,36,عبدالرزاق علي مولود خنشوش,20,20,محمود محمد عبدالمجيد اجليل,18,18,الحراري رجب احمد الحشاني,17,17,حسين مصطفى علي الاطرش,8,8,,,,,,,,,,,,,,,,,,,,,,,,,,,,,,,,,,,,,,,,,,,,,,,,,,,,,,,,,,,,,,,,,,,,,,,,,,,,,,,,,,,,,,,,,,,,,,,,,,,,,,,,,,,,,,,,,,,,,,,,,,,,,,,,,
70,72,72,100.0,فرج بشير بلقاسم عبدالملك,777,777,المبروك عبدالله منصور الكبير,763,763,الطاهر المبروك عيسى الدوادي,552,552,مفتاح علي مفتاح الفقي,552,552,عبدالرحمن عمر الدوادي الحمودي,403,403,حسين محمد ابوالقاسم سويد,402,402,عبدالمجيد عبدالله محمد الخطابي,342,342,علي الطاهر عبدالله ابوالقاسم,311,311,محمد نصر المبروك الحريزي,241,241,حمزة الطاهر حسن امسلم,194,194,عبدالحكيم سليمان احمد الكواش,184,184,معمر محمد احمد بركه,145,145,الصادق مولود مصباح المدهوني,138,138,عبدالكريم سالم عمر عيسى,90,90,المبروك خير سعد خير,61,61,,,,,,,,,,,,,,,,,,,,,,,,,,,,,,,,,,,,,,,,,,,,,,,,,,,,,,,,,,,,,,,,,,,,,,,,,,,,,,,,,,,,,,,,,,,,,,,,,,,,,,,,,,,,,,,,,,,,,,,,,,,,,,,,,,,,,,,,,,,,,,,,,,,,,,,,,,,,,,,,,,,,,,,,,,,,,,,,,,,,,,,,,,,,,,,,,,,,,,,,,,,,,,,,,,,,,,,,,,,,,,,,,,,,,,,,,,,,,,,,,,,,,,,,,,,,,,,,,,,,,,,,,,,,,,,,,,,,,,,,,,,,,,,,,,,
71,72,72,100.0,عبدالمنعم عمار سعد بالكور,1300,1300,عادل مولود مفتاح محفوظ,772,772,شفيق مسعود خليفه الاطرش,497,497,مفتاح خليفة مصباح عروة,355,355,محسن شعبان احمد المبروك,348,348,فرج عمران البي شليبك,291,291,فرج عبدالله سعد غرودة,208,208,محمد عمر الشيباني شاماكه,186,186,عبدالحكيم مفتاح عمار السائح,147,147,سالم محمد علي بالربيعه,104,104,المبروك ضو احمد ابراهيم,94,94,خالد ابوالقاسم مولود الصويعي,82,82,,,,,,,,,,,,,,,,,,,,,,,,,,,,,,,,,,,,,,,,,,,,,,,,,,,,,,,,,,,,,,,,,,,,,,,,,,,,,,,,,,,,,,,,,,,,,,,,,,,,,,,,,,,,,,,,,,,,,,,,,,,,,,,,,,,,,,,,,,,,,,,,,,,,,,,,,,,,,,,,,,,,,,,,,,,,,,,,,,,,,,,,,,,,,,,,,,,,,,,,,,,,,,,,,,,,,,,,,,,,,,,,,,,,,,,,,,,,,,,,,,,,,,,,,,,,,,,,,,,,,,,,,,,,,,,,,,,,,,,,,,,,,,,,,,,,,,,,,,,,
72,67,67,100.0,فوزي الطاهر رحومة النويري,1440,1440,عون خليفة المبروك الواسع,1073,1073,الهادي امحمد علي العطاب,674,674,الهادي عبدالسلام عمر عبدالله,542,542,عبدالحليم عبدالغني حسين بلقاسم,440,440,منصور خليفة الصويعي رحومة,417,417,عبدالمولى رمضان الفيتوري انتيشة,411,411,سعيد فرج محمد عاشور,214,214,ادهم مصطفى محمد بن حسن المحجوبي,116,116,علي ابوالقاسم علي ابوفصيكه,20,20,,,,,,,,,,,,,,,,,,,,,,,,,,,,,,,,,,,,,,,,,,,,,,,,,,,,,,,,,,,,,,,,,,,,,,,,,,,,,,,,,,,,,,,,,,,,,,,,,,,,,,,,,,,,,,,,,,,,,,,,,,,,,,,,,,,,,,,,,,,,,,,,,,,,,,,,,,,,,,,,,,,,,,,,,,,,,,,,,,,,,,,,,,,,,,,,,,,,,,,,,,,,,,,,,,,,,,,,,,,,,,,,,,,,,,,,,,,,,,,,,,,,,,,,,,,,,,,,,,,,,,,,,,,,,,,,,,,,,,,,,,,,,,,,,,,,,,,,,,,,,,,,,,
73,0,9729,0,,,,,,,,,,,,,,,,,,,,,,,,,,,,,,,,,,,,,,,,,,,,,,,,,,,,,,,,,,,,,,,,,,,,,,,,,,,,,,,,,,,,,,,,,,,,,,,,,,,,,,,,,,,,,,,,,,,,,,,,,,,,,,,,,,,,,,,,,,,,,,,,,,,,,,,,,,,,,,,,,,,,,,,,,,,,,,,,,,,,,,,,,,,,,,,,,,,,,,,,,,,,,,,,,,,,,,,,,,,,,,,,,,,,,,,,,,,,,,,,,,,,,,,,,,,,,,,,,,,,,,,,,,,,,,,,,,,,,,,,,,,,,,,,,,,,,,,,,,,,,,,,,,,,,,,,,,,,,,,,,,,,,,,,,,,,,,,,
74,70,23,32.0,علي احمد علي المبروك,3,3,المبروك الهادي علي منصور,3,3,محمد سعيد سالم كعال,2,2,امحمد حسين امحمد راجح,1,1,عبدالفتاح الهادي العربي راجح,0,0,امحمد محمد خليفة احنيش,0,0,سليمان المبروك عبدالله الحاج,0,0,وسام البغدادي علي الخترشي,0,0,ابوزيد ابوالقاسم امبيه التويجر,0,0,مصطفى مسعود مفتاح غرداية,0,0,علي مصباح محمد الوحيشي,0,0,محمد بشير صالح امبية,0,0,عبدالله مصباح عمر الحناشي,0,0,فتحي ابوالقاسم علي كشيم,0,0,خالد امحمد علي الفالي,0,0,يوسف الطاهر علي الطبيب,0,0,صالح سالم احمد ابوشنقوره,0,0,محمد الناصر محمد التريكي,0,0,محمود البشير منصور دله,0,0,,,,,,,,,,,,,,,,,,,,,,,,,,,,,,,,,,,,,,,,,,,,,,,,,,,,,,,,,,,,,,,,,,,,,,,,,,,,,,,,,,,,,,,,,,,,,,,,,,,,,,,,,,,,,,,,,,,,,,,,,,,,,,,,,,,,,,,,,,,,,,,,,,,,,,,,,,,,,,,,,,,,,,,,,,,,,,,,,,,,,,,,,,,,,,,,,,,,,,,,,,,,,,,,,,,,,,,,,,,,,,,,,,,,,,,,,,,,,,,,,,,,,,,,,,,,,,,,,,,,,,,,,,,,,,,,,,,,,,,
75,54,52,96.0,مولود ابوالقاسم محمد الاسود,851,851,عبدالحكيم مسعود المبروك ابودربالة,589,589,علاءالدين ابراهيم ابوالقاسم الطرياق,296,296,عطية رحومة علي الزوام,256,256,عبدالله عبدالعزيز عبدالله التقاز,245,245,محمود عماره المبروك خليفة,226,226,عزالدين خليفة صالح ابوالعيون,200,200,عبدالناصر نوري الفيتوري صليصل,175,175,عبدالسلام امحمد علي الصويعي,134,134,مراد علي امحمد صوان,102,102,محمد حسني ابوصبيع حرب,92,92,ابراهيم سالم نصر مقس,84,84,فوزي امحمد محمد دقرم,76,76,مسعود خليفة رحومة التقاز,72,72,مصطفى امحمد الصغير القدر,66,66,سالم محمد عمر الوريث,19,19,محمد احمد ابراهيم زقابه,9,9,عادل مسعود محمد سوف,7,7,احمد علي احمد ابورتيمة,5,5,,,,,,,,,,,,,,,,,,,,,,,,,,,,,,,,,,,,,,,,,,,,,,,,,,,,,,,,,,,,,,,,,,,,,,,,,,,,,,,,,,,,,,,,,,,,,,,,,,,,,,,,,,,,,,,,,,,,,,,,,,,,,,,,,,,,,,,,,,,,,,,,,,,,,,,,,,,,,,,,,,,,,,,,,,,,,,,,,,,,,,,,,,,,,,,,,,,,,,,,,,,,,,,,,,,,,,,,,,,,,,,,,,,,,,,,,,,,,,,,,,,,,,,,,,,,,,,,,,,,,,,,,,,,,,,,,,,,,,,
76,81,81,100.0,منى ادم داوود الغيثي,2559,2559,اميره المبروك عوض حمد,2290,2290,سلمى ابراهيم وافي ادم,1591,1591,,,,,,,,,,,,,,,,,,,,,,,,,,,,,,,,,,,,,,,,,,,,,,,,,,,,,,,,,,,,,,,,,,,,,,,,,,,,,,,,,,,,,,,,,,,,,,,,,,,,,,,,,,,,,,,,,,,,,,,,,,,,,,,,,,,,,,,,,,,,,,,,,,,,,,,,,,,,,,,,,,,,,,,,,,,,,,,,,,,,,,,,,,,,,,,,,,,,,,,,,,,,,,,,,,,,,,,,,,,,,,,,,,,,,,,,,,,,,,,,,,,,,,,,,,,,,,,,,,,,,,,,,,,,,,,,,,,,,,,,,,,,,,,,,,,,,,,,,,,,,,,,,,,,,,,,,,,,,,,,,,,,,,,
77,87,48,55.0,انتصار مصطفى المهدي شنيب,2377,2377,,,,,,,,,,,,,,,,,,,,,,,,,,,,,,,,,,,,,,,,,,,,,,,,,,,,,,,,,,,,,,,,,,,,,,,,,,,,,,,,,,,,,,,,,,,,,,,,,,,,,,,,,,,,,,,,,,,,,,,,,,,,,,,,,,,,,,,,,,,,,,,,,,,,,,,,,,,,,,,,,,,,,,,,,,,,,,,,,,,,,,,,,,,,,,,,,,,,,,,,,,,,,,,,,,,,,,,,,,,,,,,,,,,,,,,,,,,,,,,,,,,,,,,,,,,,,,,,,,,,,,,,,,,,,,,,,,,,,,,,,,,,,,,,,,,,,,,,,,,,,,,,,,,,,,,,,,,,,,,,,,,,,,,,,,,,,
78,266,265,99.0,سلطنة مسعود بوبكر عبدالرحيم,5906,5906,انتصار حسن محمد خليل,4673,4673,نوارة فرج علي حامد العبيدي,3502,3502,حميدة فتحي محمد محمود الهتش,3142,3142,اسماء عبدالله سعد موسى,2756,2756,فتحية رمضان علي محمد العوامي,2676,2676,ياسمين محمد عبدالله ادهيويش,1494,1494,,,,,,,,,,,,,,,,,,,,,,,,,,,,,,,,,,,,,,,,,,,,,,,,,,,,,,,,,,,,,,,,,,,,,,,,,,,,,,,,,,,,,,,,,,,,,,,,,,,,,,,,,,,,,,,,,,,,,,,,,,,,,,,,,,,,,,,,,,,,,,,,,,,,,,,,,,,,,,,,,,,,,,,,,,,,,,,,,,,,,,,,,,,,,,,,,,,,,,,,,,,,,,,,,,,,,,,,,,,,,,,,,,,,,,,,,,,,,,,,,,,,,,,,,,,,,,,,,,,,,,,,,,,,,,,,,,,,,,,,,,,,,,,,,,,,,,,,,,,,,,,,,,,,,,,,,,,
79,72,72,100.0,رابحة عبدالسلام علي الفرجاني,3474,3474,زكية خليفة سعد صالح,2880,2880,,,,,,,,,,,,,,,,,,,,,,,,,,,,,,,,,,,,,,,,,,,,,,,,,,,,,,,,,,,,,,,,,,,,,,,,,,,,,,,,,,,,,,,,,,,,,,,,,,,,,,,,,,,,,,,,,,,,,,,,,,,,,,,,,,,,,,,,,,,,,,,,,,,,,,,,,,,,,,,,,,,,,,,,,,,,,,,,,,,,,,,,,,,,,,,,,,,,,,,,,,,,,,,,,,,,,,,,,,,,,,,,,,,,,,,,,,,,,,,,,,,,,,,,,,,,,,,,,,,,,,,,,,,,,,,,,,,,,,,,,,,,,,,,,,,,,,,,,,,,,,,,,,,,,,,,,,,,,,,,,,,,,,,,,,
80,444,444,100.0,امال محمد عبدالسلام بعيو,14086,14086,عائشة يوسف عبدالله الطبلقي,8003,8003,سهام سالم سليمان سرقيوة,5883,5883,اسمهان عبدالقادر حسين بالعون,5452,5452,نجوى عبدالله احمد النايض,5205,5205,فوزية سالم غيث الفرجاني,4598,4598,ايمان ناصر فرج الورفلي,4062,4062,امل سعد محمد العبيدي,3266,3266,حميدة محمد علي اوحيدة,2430,2430,تهاني خليفة محمد بن سعود,2285,2285,زاهية فرج عطيه علي,1932,1932,فاطمة صالح ميلاد المقصبي,1424,1424,,,,,,,,,,,,,,,,,,,,,,,,,,,,,,,,,,,,,,,,,,,,,,,,,,,,,,,,,,,,,,,,,,,,,,,,,,,,,,,,,,,,,,,,,,,,,,,,,,,,,,,,,,,,,,,,,,,,,,,,,,,,,,,,,,,,,,,,,,,,,,,,,,,,,,,,,,,,,,,,,,,,,,,,,,,,,,,,,,,,,,,,,,,,,,,,,,,,,,,,,,,,,,,,,,,,,,,,,,,,,,,,,,,,,,,,,,,,,,,,,,,,,,,,,,,,,,,,,,,,,,,,,,,,,,,,,,,,,,,,,,,,,,,,,,,,,,,,,,,,
81,137,137,100.0,فريحة عبدالسلام مصطفى عمر الحضيرى,4933,4933,جميلة محمد بوبكر عثمان,1404,1404,ريم عبدالصادق محمد امبارك,1095,1095,هدى حمد سالم حامد,1072,1072,ايمان ميلود محمد الصابرى,1040,1040,ايمان عبدالسلام محمود حبيب,849,849,ريحاب محمد احمد السرار,768,768,فوزية احمد محمود غربى,555,555,,,,,,,,,,,,,,,,,,,,,,,,,,,,,,,,,,,,,,,,,,,,,,,,,,,,,,,,,,,,,,,,,,,,,,,,,,,,,,,,,,,,,,,,,,,,,,,,,,,,,,,,,,,,,,,,,,,,,,,,,,,,,,,,,,,,,,,,,,,,,,,,,,,,,,,,,,,,,,,,,,,,,,,,,,,,,,,,,,,,,,,,,,,,,,,,,,,,,,,,,,,,,,,,,,,,,,,,,,,,,,,,,,,,,,,,,,,,,,,,,,,,,,,,,,,,,,,,,,,,,,,,,,,,,,,,,,,,,,,,,,,,,,,,,,,,,,,,,,,,,,,,,,,,,,,,
82,59,59,100.0,فاطمة احمد عبدالمجيد عمر كاريس,1445,1445,فاطمة شحات بالحسن بلال,740,740,نجاة محمد مرسال مرسال,639,639,فاطمة عيسى جمعة عيسى,540,540,حواء محمد ابراهيم الهبرى,472,472,نجاح امبية عبدالله امبية اعليوه,214,214,,,,,,,,,,,,,,,,,,,,,,,,,,,,,,,,,,,,,,,,,,,,,,,,,,,,,,,,,,,,,,,,,,,,,,,,,,,,,,,,,,,,,,,,,,,,,,,,,,,,,,,,,,,,,,,,,,,,,,,,,,,,,,,,,,,,,,,,,,,,,,,,,,,,,,,,,,,,,,,,,,,,,,,,,,,,,,,,,,,,,,,,,,,,,,,,,,,,,,,,,,,,,,,,,,,,,,,,,,,,,,,,,,,,,,,,,,,,,,,,,,,,,,,,,,,,,,,,,,,,,,,,,,,,,,,,,,,,,,,,,,,,,,,,,,,,,,,,,,,,,,,,,,,,,,,,,,,,,,
83,117,116,99.0,عزيزة كركرة عمر ابوستة,2300,2300,امنة فرج خليفة امطير,2102,2102,زينب رجب الفيتوري الورفلي,1561,1561,سارة مفتاح عبدالله مصباح,719,719,مريم الهمالي ابوشعيفة عمار,523,523,,,,,,,,,,,,,,,,,,,,,,,,,,,,,,,,,,,,,,,,,,,,,,,,,,,,,,,,,,,,,,,,,,,,,,,,,,,,,,,,,,,,,,,,,,,,,,,,,,,,,,,,,,,,,,,,,,,,,,,,,,,,,,,,,,,,,,,,,,,,,,,,,,,,,,,,,,,,,,,,,,,,,,,,,,,,,,,,,,,,,,,,,,,,,,,,,,,,,,,,,,,,,,,,,,,,,,,,,,,,,,,,,,,,,,,,,,,,,,,,,,,,,,,,,,,,,,,,,,,,,,,,,,,,,,,,,,,,,,,,,,,,,,,,,,,,,,,,,,,,,,,,,,,,,,,,,,,,,,,,,
84,61,61,100.0,مدلله محمد البشير قندة,1966,1966,فتحية البغدادي احمد اسطيل,1650,1650,ناجية امحمد امحمد كريم,866,866,,,,,,,,,,,,,,,,,,,,,,,,,,,,,,,,,,,,,,,,,,,,,,,,,,,,,,,,,,,,,,,,,,,,,,,,,,,,,,,,,,,,,,,,,,,,,,,,,,,,,,,,,,,,,,,,,,,,,,,,,,,,,,,,,,,,,,,,,,,,,,,,,,,,,,,,,,,,,,,,,,,,,,,,,,,,,,,,,,,,,,,,,,,,,,,,,,,,,,,,,,,,,,,,,,,,,,,,,,,,,,,,,,,,,,,,,,,,,,,,,,,,,,,,,,,,,,,,,,,,,,,,,,,,,,,,,,,,,,,,,,,,,,,,,,,,,,,,,,,,,,,,,,,,,,,,,,,,,,,,,,,,,,,
85,118,117,99.0,فاطمة ابوبكر حمد عمر ابوسعده,2642,2642,احلام محمد اللافي خليفة,2326,2326,امنة زيدان محمد نصر,1768,1768,اشجان حسن موسى احمد,1654,1654,زينب اللافي شريف محمد,1395,1395,سالمة محمد مصطفى الزوي,935,935,فاطمة سليمان جبر عمر,864,864,مريم منصور محمد حمدان,485,485,عائشة حسين صوكو مردكلى,225,225,,,,,,,,,,,,,,,,,,,,,,,,,,,,,,,,,,,,,,,,,,,,,,,,,,,,,,,,,,,,,,,,,,,,,,,,,,,,,,,,,,,,,,,,,,,,,,,,,,,,,,,,,,,,,,,,,,,,,,,,,,,,,,,,,,,,,,,,,,,,,,,,,,,,,,,,,,,,,,,,,,,,,,,,,,,,,,,,,,,,,,,,,,,,,,,,,,,,,,,,,,,,,,,,,,,,,,,,,,,,,,,,,,,,,,,,,,,,,,,,,,,,,,,,,,,,,,,,,,,,,,,,,,,,,,,,,,,,,,,,,,,,,,,,,,,,,,,,,,,,,,,,,,,,,
86,114,112,98.0,خديجة احمد ابوبكر الزروق,2503,2503,انتصار علي احمد يوسف,2157,2157,بثينه عمر احمد ابوالقاسم الغناي,1839,1839,فاطمة صالح علي سعيد,1212,1212,خديجة المهدي بشير الاخضر,1164,1164,نهى محمد مسعود جمعه,1056,1056,سمية عبدالله رمضان محمد عبدو,1049,1049,ربيعة عبدالقادر امحمد صمبه,901,901,حواء محمد الخير محمد عثمان,794,794,غزاله الحاج محمد جمعه الفنطازى,473,473,,,,,,,,,,,,,,,,,,,,,,,,,,,,,,,,,,,,,,,,,,,,,,,,,,,,,,,,,,,,,,,,,,,,,,,,,,,,,,,,,,,,,,,,,,,,,,,,,,,,,,,,,,,,,,,,,,,,,,,,,,,,,,,,,,,,,,,,,,,,,,,,,,,,,,,,,,,,,,,,,,,,,,,,,,,,,,,,,,,,,,,,,,,,,,,,,,,,,,,,,,,,,,,,,,,,,,,,,,,,,,,,,,,,,,,,,,,,,,,,,,,,,,,,,,,,,,,,,,,,,,,,,,,,,,,,,,,,,,,,,,,,,,,,,,,,,,,,,,,,,,,,,,
87,102,102,100.0,فاطمة عبدالسلام الهادي الصويعي,1655,1655,خديجة محمد موسى احمد,1613,1613,ابديوية محمد الجملي البصيري,1065,1065,مريم عبدالله حامد حمداني,962,962,مريم ابوبكر خليل امغار,827,827,حواء زايد علي قدينو,800,800,مريم محمد صالح الطرابلسي,774,774,امينة عاشور محمد بخاة,602,602,سمية ابوبكر اكحتي الامين,164,164,,,,,,,,,,,,,,,,,,,,,,,,,,,,,,,,,,,,,,,,,,,,,,,,,,,,,,,,,,,,,,,,,,,,,,,,,,,,,,,,,,,,,,,,,,,,,,,,,,,,,,,,,,,,,,,,,,,,,,,,,,,,,,,,,,,,,,,,,,,,,,,,,,,,,,,,,,,,,,,,,,,,,,,,,,,,,,,,,,,,,,,,,,,,,,,,,,,,,,,,,,,,,,,,,,,,,,,,,,,,,,,,,,,,,,,,,,,,,,,,,,,,,,,,,,,,,,,,,,,,,,,,,,,,,,,,,,,,,,,,,,,,,,,,,,,,,,,,,,,,,,,,,,,,,
88,64,53,82.0,رحمة ابوبكر علي ادم,2889,2889,كلثوم محمد صالح عبدالسلام دودو,2876,2876,خديجة عبدالقادر عبدالرحمن فتاح,186,186,نعيمة عتيق عيسى السحبو,178,178,وردة ادريس اسحاق التباوي,151,151,امينة صالح ابراهيم قلمه,62,62,مبروكة علي كالي ياو,7,7,,,,,,,,,,,,,,,,,,,,,,,,,,,,,,,,,,,,,,,,,,,,,,,,,,,,,,,,,,,,,,,,,,,,,,,,,,,,,,,,,,,,,,,,,,,,,,,,,,,,,,,,,,,,,,,,,,,,,,,,,,,,,,,,,,,,,,,,,,,,,,,,,,,,,,,,,,,,,,,,,,,,,,,,,,,,,,,,,,,,,,,,,,,,,,,,,,,,,,,,,,,,,,,,,,,,,,,,,,,,,,,,,,,,,,,,,,,,,,,,,,,,,,,,,,,,,,,,,,,,,,,,,,,,,,,,,,,,,,,,,,,,,,,,,,,,,,,,,,,,,,,,,,,,,,,,,,,
89,105,105,100.0,السيدة كامل علي اليعقوبي,6577,6577,,,,,,,,,,,,,,,,,,,,,,,,,,,,,,,,,,,,,,,,,,,,,,,,,,,,,,,,,,,,,,,,,,,,,,,,,,,,,,,,,,,,,,,,,,,,,,,,,,,,,,,,,,,,,,,,,,,,,,,,,,,,,,,,,,,,,,,,,,,,,,,,,,,,,,,,,,,,,,,,,,,,,,,,,,,,,,,,,,,,,,,,,,,,,,,,,,,,,,,,,,,,,,,,,,,,,,,,,,,,,,,,,,,,,,,,,,,,,,,,,,,,,,,,,,,,,,,,,,,,,,,,,,,,,,,,,,,,,,,,,,,,,,,,,,,,,,,,,,,,,,,,,,,,,,,,,,,,,,,,,,,,,,,,,,,,,
90,263,263,100.0,حنان محمد عبدالله شلوف,15882,15882,حليمة مصطفى ابراهيم الشح,6553,6553,ايمان بشير محمد سليمان بالراس علي,6007,6007,فتحية مفتاح عمر المحيشي,5100,5100,ريما محمد علي الهيشي,2054,2054,,,,,,,,,,,,,,,,,,,,,,,,,,,,,,,,,,,,,,,,,,,,,,,,,,,,,,,,,,,,,,,,,,,,,,,,,,,,,,,,,,,,,,,,,,,,,,,,,,,,,,,,,,,,,,,,,,,,,,,,,,,,,,,,,,,,,,,,,,,,,,,,,,,,,,,,,,,,,,,,,,,,,,,,,,,,,,,,,,,,,,,,,,,,,,,,,,,,,,,,,,,,,,,,,,,,,,,,,,,,,,,,,,,,,,,,,,,,,,,,,,,,,,,,,,,,,,,,,,,,,,,,,,,,,,,,,,,,,,,,,,,,,,,,,,,,,,,,,,,,,,,,,,,,,,,,,,,,,,,,,
91,137,137,100.0,نعيمة رمضان عقيل دلف,4420,4420,زينب عبدالسلام نصر شنيب,4087,4087,انتصار معمر رمضان الواعر,2441,2441,,,,,,,,,,,,,,,,,,,,,,,,,,,,,,,,,,,,,,,,,,,,,,,,,,,,,,,,,,,,,,,,,,,,,,,,,,,,,,,,,,,,,,,,,,,,,,,,,,,,,,,,,,,,,,,,,,,,,,,,,,,,,,,,,,,,,,,,,,,,,,,,,,,,,,,,,,,,,,,,,,,,,,,,,,,,,,,,,,,,,,,,,,,,,,,,,,,,,,,,,,,,,,,,,,,,,,,,,,,,,,,,,,,,,,,,,,,,,,,,,,,,,,,,,,,,,,,,,,,,,,,,,,,,,,,,,,,,,,,,,,,,,,,,,,,,,,,,,,,,,,,,,,,,,,,,,,,,,,,,,,,,,,,
92,111,111,100.0,صباح جمعة محمد الحاج فرج,1906,1906,ام الخير مسعود علي الاطرش,1615,1615,امنة خليفة احمد ابو سنينة,1378,1378,,,,,,,,,,,,,,,,,,,,,,,,,,,,,,,,,,,,,,,,,,,,,,,,,,,,,,,,,,,,,,,,,,,,,,,,,,,,,,,,,,,,,,,,,,,,,,,,,,,,,,,,,,,,,,,,,,,,,,,,,,,,,,,,,,,,,,,,,,,,,,,,,,,,,,,,,,,,,,,,,,,,,,,,,,,,,,,,,,,,,,,,,,,,,,,,,,,,,,,,,,,,,,,,,,,,,,,,,,,,,,,,,,,,,,,,,,,,,,,,,,,,,,,,,,,,,,,,,,,,,,,,,,,,,,,,,,,,,,,,,,,,,,,,,,,,,,,,,,,,,,,,,,,,,,,,,,,,,,,,,,,,,,,
93,52,52,100.0,ابتسام عبدالسلام علي بن جمعة,1311,1311,رويدة محمد عبدالسلام الراجحي,1090,1090,فتحية عمر احمد لجنف,418,418,,,,,,,,,,,,,,,,,,,,,,,,,,,,,,,,,,,,,,,,,,,,,,,,,,,,,,,,,,,,,,,,,,,,,,,,,,,,,,,,,,,,,,,,,,,,,,,,,,,,,,,,,,,,,,,,,,,,,,,,,,,,,,,,,,,,,,,,,,,,,,,,,,,,,,,,,,,,,,,,,,,,,,,,,,,,,,,,,,,,,,,,,,,,,,,,,,,,,,,,,,,,,,,,,,,,,,,,,,,,,,,,,,,,,,,,,,,,,,,,,,,,,,,,,,,,,,,,,,,,,,,,,,,,,,,,,,,,,,,,,,,,,,,,,,,,,,,,,,,,,,,,,,,,,,,,,,,,,,,,,,,,,,,
94,215,215,100.0,ربيعة الصادق خليفة الفقيه,5376,5376,سميرة الزروق محمد كرموس,4362,4362,حميدة عاشور علي بن حامد,3964,3964,فريدة محمد ابراهيم الشهاوي,3905,3905,منى محمد السائح الشباح,1591,1591,,,,,,,,,,,,,,,,,,,,,,,,,,,,,,,,,,,,,,,,,,,,,,,,,,,,,,,,,,,,,,,,,,,,,,,,,,,,,,,,,,,,,,,,,,,,,,,,,,,,,,,,,,,,,,,,,,,,,,,,,,,,,,,,,,,,,,,,,,,,,,,,,,,,,,,,,,,,,,,,,,,,,,,,,,,,,,,,,,,,,,,,,,,,,,,,,,,,,,,,,,,,,,,,,,,,,,,,,,,,,,,,,,,,,,,,,,,,,,,,,,,,,,,,,,,,,,,,,,,,,,,,,,,,,,,,,,,,,,,,,,,,,,,,,,,,,,,,,,,,,,,,,,,,,,,,,,,,,,,,,
95,170,170,100.0,فوزية محمد مفتاح ابوغاليه,7330,7330,وفاء الطيب عبدالوهاب النعاس,3012,3012,هاجر محمد سليمان القائد,2816,2816,مها سليم موسى بن خليفة,1713,1713,سليمة العماري الصغير الجبالي,1607,1607,سعاد عبدالدائم امحمد بن نوبة,1514,1514,فوزية عيسى محمد الوداني,1024,1024,لطفية مصباح مفتاح حمير,673,673,,,,,,,,,,,,,,,,,,,,,,,,,,,,,,,,,,,,,,,,,,,,,,,,,,,,,,,,,,,,,,,,,,,,,,,,,,,,,,,,,,,,,,,,,,,,,,,,,,,,,,,,,,,,,,,,,,,,,,,,,,,,,,,,,,,,,,,,,,,,,,,,,,,,,,,,,,,,,,,,,,,,,,,,,,,,,,,,,,,,,,,,,,,,,,,,,,,,,,,,,,,,,,,,,,,,,,,,,,,,,,,,,,,,,,,,,,,,,,,,,,,,,,,,,,,,,,,,,,,,,,,,,,,,,,,,,,,,,,,,,,,,,,,,,,,,,,,,,,,,,,,,,,,,,,,,
96,172,167,97.0,هناء خليفة خالد ابو ديب,3503,3503,ربيعة عبدالرحمن سليمان ابوراص,2775,2775,عفاف خليفة سعيد زريق,2648,2648,نادية يوسف عمرو العزابي,2643,2643,ابتهال مصطفى محمد قنيوة,1872,1872,سعاد ابراهيم موسى بن خليفة,600,600,,,,,,,,,,,,,,,,,,,,,,,,,,,,,,,,,,,,,,,,,,,,,,,,,,,,,,,,,,,,,,,,,,,,,,,,,,,,,,,,,,,,,,,,,,,,,,,,,,,,,,,,,,,,,,,,,,,,,,,,,,,,,,,,,,,,,,,,,,,,,,,,,,,,,,,,,,,,,,,,,,,,,,,,,,,,,,,,,,,,,,,,,,,,,,,,,,,,,,,,,,,,,,,,,,,,,,,,,,,,,,,,,,,,,,,,,,,,,,,,,,,,,,,,,,,,,,,,,,,,,,,,,,,,,,,,,,,,,,,,,,,,,,,,,,,,,,,,,,,,,,,,,,,,,,,,,,,,,,
97,111,111,100.0,سارة عامر عبدالجليل السويح,4133,4133,فتحية ابراهيم راشد المرغني,2717,2717,علياء المبروك ابوزيد الزحاف,2584,2584,امل علي بشير الفاندي,1660,1660,منيرة علي ميلود الشاوي,389,389,,,,,,,,,,,,,,,,,,,,,,,,,,,,,,,,,,,,,,,,,,,,,,,,,,,,,,,,,,,,,,,,,,,,,,,,,,,,,,,,,,,,,,,,,,,,,,,,,,,,,,,,,,,,,,,,,,,,,,,,,,,,,,,,,,,,,,,,,,,,,,,,,,,,,,,,,,,,,,,,,,,,,,,,,,,,,,,,,,,,,,,,,,,,,,,,,,,,,,,,,,,,,,,,,,,,,,,,,,,,,,,,,,,,,,,,,,,,,,,,,,,,,,,,,,,,,,,,,,,,,,,,,,,,,,,,,,,,,,,,,,,,,,,,,,,,,,,,,,,,,,,,,,,,,,,,,,,,,,,,,
98,126,126,100.0,سعاد عبدالله محمد الشلي,2099,2099,ناهد محمد علي المكي,1728,1728,سميرة مفتاح سوسي الفرجاني,1557,1557,خيرية الجيلاني دغمان مرزوق,1079,1079,فاطمة حامد مصباح السيليني,755,755,نجاة عبدالقادر احمد فرحات,750,750,,,,,,,,,,,,,,,,,,,,,,,,,,,,,,,,,,,,,,,,,,,,,,,,,,,,,,,,,,,,,,,,,,,,,,,,,,,,,,,,,,,,,,,,,,,,,,,,,,,,,,,,,,,,,,,,,,,,,,,,,,,,,,,,,,,,,,,,,,,,,,,,,,,,,,,,,,,,,,,,,,,,,,,,,,,,,,,,,,,,,,,,,,,,,,,,,,,,,,,,,,,,,,,,,,,,,,,,,,,,,,,,,,,,,,,,,,,,,,,,,,,,,,,,,,,,,,,,,,,,,,,,,,,,,,,,,,,,,,,,,,,,,,,,,,,,,,,,,,,,,,,,,,,,,,,,,,,,,,
99,103,103,100.0,اسماء محمود محمد الخوجه,2179,2179,سناء الهادي مسعود صالح,2145,2145,فاطمة الصادق جمعة هروس,1614,1614,,,,,,,,,,,,,,,,,,,,,,,,,,,,,,,,,,,,,,,,,,,,,,,,,,,,,,,,,,,,,,,,,,,,,,,,,,,,,,,,,,,,,,,,,,,,,,,,,,,,,,,,,,,,,,,,,,,,,,,,,,,,,,,,,,,,,,,,,,,,,,,,,,,,,,,,,,,,,,,,,,,,,,,,,,,,,,,,,,,,,,,,,,,,,,,,,,,,,,,,,,,,,,,,,,,,,,,,,,,,,,,,,,,,,,,,,,,,,,,,,,,,,,,,,,,,,,,,,,,,,,,,,,,,,,,,,,,,,,,,,,,,,,,,,,,,,,,,,,,,,,,,,,,,,,,,,,,,,,,,,,,,,,,
100,250,250,100.0,ابتسام عبدالحفيظ عمر سالم,5529,5529,زهرة موسى الطاهر المزوغي,4907,4907,زهرة العماري علي الهبهاب,4107,4107,ربيعة ابوحميرة سالم الشول,3753,3753,اسيا محمد المرغني حمربطان,3002,3002,,,,,,,,,,,,,,,,,,,,,,,,,,,,,,,,,,,,,,,,,,,,,,,,,,,,,,,,,,,,,,,,,,,,,,,,,,,,,,,,,,,,,,,,,,,,,,,,,,,,,,,,,,,,,,,,,,,,,,,,,,,,,,,,,,,,,,,,,,,,,,,,,,,,,,,,,,,,,,,,,,,,,,,,,,,,,,,,,,,,,,,,,,,,,,,,,,,,,,,,,,,,,,,,,,,,,,,,,,,,,,,,,,,,,,,,,,,,,,,,,,,,,,,,,,,,,,,,,,,,,,,,,,,,,,,,,,,,,,,,,,,,,,,,,,,,,,,,,,,,,,,,,,,,,,,,,,,,,,,,,
101,206,206,100.0,عائشة المهدي القمودي شلابي,6533,6533,عبير عبدالكريم احمد شاقان,4130,4130,فوزية محمد عبدالله سويسي,2756,2756,نعيمة محمد نصر الحامي,2578,2578,زينب محمد الطاهر المرموري,2349,2349,امل محمد عبدالرحمن عزالدين,1643,1643,انتصار عياد الشنيتي الجريو,1569,1569,زهرة البشير محمد الجمل,891,891,سمية محمد عبدالرحمن ابوزيد,557,557,,,,,,,,,,,,,,,,,,,,,,,,,,,,,,,,,,,,,,,,,,,,,,,,,,,,,,,,,,,,,,,,,,,,,,,,,,,,,,,,,,,,,,,,,,,,,,,,,,,,,,,,,,,,,,,,,,,,,,,,,,,,,,,,,,,,,,,,,,,,,,,,,,,,,,,,,,,,,,,,,,,,,,,,,,,,,,,,,,,,,,,,,,,,,,,,,,,,,,,,,,,,,,,,,,,,,,,,,,,,,,,,,,,,,,,,,,,,,,,,,,,,,,,,,,,,,,,,,,,,,,,,,,,,,,,,,,,,,,,,,,,,,,,,,,,,,,,,,,,,,,,,,,,,,
102,157,96,61.0,حليمة الصادق علي العائب,5407,5407,ايناس حاجي سالم الطويني,1281,1281,,,,,,,,,,,,,,,,,,,,,,,,,,,,,,,,,,,,,,,,,,,,,,,,,,,,,,,,,,,,,,,,,,,,,,,,,,,,,,,,,,,,,,,,,,,,,,,,,,,,,,,,,,,,,,,,,,,,,,,,,,,,,,,,,,,,,,,,,,,,,,,,,,,,,,,,,,,,,,,,,,,,,,,,,,,,,,,,,,,,,,,,,,,,,,,,,,,,,,,,,,,,,,,,,,,,,,,,,,,,,,,,,,,,,,,,,,,,,,,,,,,,,,,,,,,,,,,,,,,,,,,,,,,,,,,,,,,,,,,,,,,,,,,,,,,,,,,,,,,,,,,,,,,,,,,,,,,,,,,,,,,,,,,,,,
